
Stage: pre_early_cg
------------------------------------------------
| Transform | Accepts | Rejects | Runtime (ms) | 
------------------------------------------------
------------------------------------------------
##Generic Timing Info for library domain: _default_ typical gate delay: 127.0 ps std_slew: 15.5 ps std_load: 7.0 fF
Starting mux data reorder optimization [v1.0] (stage: pre_to_gen_setup, startdef: mac_system_top, recur: true)
Completed mux data reorder optimization (accepts: 0, rejects: 0, runtime: 0.001s)

Stage: pre_to_gen_setup
------------------------------------------------------
| Transform       | Accepts | Rejects | Runtime (ms) | 
------------------------------------------------------
| hlo_mux_reorder |       0 |       0 |         1.00 | 
------------------------------------------------------
PBS_Generic-Start - Elapsed_Time 0, CPU_Time 0.0
stamp 'PBS_Generic-Start' being created for table 'pbs_debug'

  Total Time (Wall) |  Stage Time (Wall)  |   % (Wall)   |    Date - Time     |  Memory   | Stage
--------------------+---------------------+--------------+--------------------+-----------+----------------------
 00:00:06(00:00:04) |  00:00:00(00:00:00) |   0.0(  0.0) |   17:45:06 (Aug20) |  399.4 MB | PBS_Generic-Start
--------------------+---------------------+--------------+--------------------+-----------+----------------------
Number of threads: 8 * 1   (id: pbs_debug, time_info v1.57)
Info: (*N*) indicates data that was populated from previously saved time_info database
Info: CPU time includes time of parent + longest thread
TNS Restructuring config: no_value at stage: generic applied.
Starting mux data reorder optimization [v1.0] (stage: pre_to_gen_setup, startdef: mac_system_top, recur: true)
Completed mux data reorder optimization (accepts: 0, rejects: 0, runtime: 0.000s)

Stage: pre_to_gen_setup
------------------------------------------------------
| Transform       | Accepts | Rejects | Runtime (ms) | 
------------------------------------------------------
| hlo_mux_reorder |       0 |       0 |         0.00 | 
------------------------------------------------------
Starting mux data reorder optimization [v1.0] (stage: post_to_gen_setup, startdef: mac_system_top, recur: true)
Completed mux data reorder optimization (accepts: 0, rejects: 0, runtime: 0.000s)

Stage: post_to_gen_setup
------------------------------------------------------
| Transform       | Accepts | Rejects | Runtime (ms) | 
------------------------------------------------------
| hlo_mux_reorder |       0 |       0 |         0.00 | 
------------------------------------------------------
Running Unified Mux Engine Tricks...
Completed Unified Mux Engine Tricks

Stage: pre_hlo_rtlopt
--------------------------------------------
| Trick | Accepts | Rejects | Runtime (ms) | 
--------------------------------------------
--------------------------------------------
Starting infer macro optimization [v1.0] (stage: pre_rtlopt, startdef: mac_system_top, recur: true)
Completed infer macro optimization (accepts: 0, rejects: 11, runtime: 0.022s)
Starting decode mux sandwich optimization [v2.0] (stage: pre_rtlopt, startdef: mac_system_top, recur: true)
Completed decode mux sandwich optimization (accepts: 0, rejects: 0, runtime: 0.000s)
Starting decode mux optimization [v1.0] (stage: pre_rtlopt, startdef: mac_system_top, recur: true)
Completed decode mux optimization (accepts: 0, rejects: 0, runtime: 0.000s)
Starting chop wide muxes [v1.0] (stage: pre_rtlopt, startdef: mac_system_top, recur: true)
Completed chop wide muxes (accepts: 0, rejects: 0, runtime: 0.001s)
Starting common data mux cascade opt [v1.0] (stage: pre_rtlopt, startdef: mac_system_top, recur: true)
Completed common data mux cascade opt (accepts: 0, rejects: 0, runtime: 0.000s)
Starting mux input consolidation [v1.0] (stage: pre_rtlopt, startdef: mac_system_top, recur: true)
Completed mux input consolidation (accepts: 0, rejects: 0, runtime: 0.000s)
Starting constant-data mux optimization [v1.0] (stage: pre_rtlopt, startdef: mac_system_top, recur: true)
Completed constant-data mux optimization (accepts: 0, rejects: 0, runtime: 0.000s)
Starting chain-to-tree inequality transform [v2.0] (stage: pre_rtlopt, startdef: mac_system_top, recur: true)
Completed chain-to-tree inequality transform (accepts: 0, rejects: 0, runtime: 0.022s)
Starting reconvergence optimization [v1.0] (stage: pre_rtlopt, startdef: mac_system_top, recur: true)
Completed reconvergence optimization (accepts: 0, rejects: 0, runtime: 0.000s)
Starting logic restructure optimization [v1.0] (stage: pre_rtlopt, startdef: mac_system_top, recur: true)
Completed logic restructure optimization (accepts: 0, rejects: 0, runtime: 0.000s)
Starting common select mux optimization [v1.0] (stage: pre_rtlopt, startdef: mac_system_top, recur: true)
Completed common select mux optimization (accepts: 0, rejects: 0, runtime: 0.000s)
Starting identity transform [v3.0] (stage: pre_rtlopt, startdef: mac_system_top, recur: true)
Completed identity transform (accepts: 0, rejects: 0, runtime: 0.001s)
Starting reduce operator chain [v1.0] (stage: pre_rtlopt, startdef: mac_system_top, recur: true)
Completed reduce operator chain (accepts: 0, rejects: 0, runtime: 0.000s)
Starting common data mux cascade opt [v1.0] (stage: pre_rtlopt, startdef: mac_system_top, recur: true)
Completed common data mux cascade opt (accepts: 0, rejects: 0, runtime: 0.000s)
Starting mux input consolidation [v1.0] (stage: pre_rtlopt, startdef: mac_system_top, recur: true)
Completed mux input consolidation (accepts: 0, rejects: 0, runtime: 0.001s)
Starting optimize datapath elements [v1.0] (stage: pre_rtlopt, startdef: mac_system_top, recur: true)
Completed optimize datapath elements (accepts: 0, rejects: 0, runtime: 0.000s)
Starting datapath recasting [v1.0] (stage: pre_rtlopt, startdef: mac_system_top, recur: true)
Completed datapath recasting (accepts: 0, rejects: 0, runtime: 0.000s)
Starting clip mux common data inputs [v1.0] (stage: pre_rtlopt, startdef: mac_system_top, recur: true)
Completed clip mux common data inputs (accepts: 0, rejects: 0, runtime: 0.000s)
Starting clip the non-user hierarchies [v2.0] (stage: pre_rtlopt, startdef: mac_system_top, recur: true)
Completed clip the non-user hierarchies (accepts: 0, rejects: 0, runtime: 0.000s)

Stage: pre_rtlopt
----------------------------------------------------------------
| Transform                 | Accepts | Rejects | Runtime (ms) | 
----------------------------------------------------------------
| hlo_infer_macro           |       0 |      11 |        22.00 | 
| hlo_decode_mux_sandwich   |       0 |       0 |         0.00 | 
| hlo_mux_decode            |       0 |       0 |         0.00 | 
| hlo_chop_mux              |       0 |       0 |         1.00 | 
| hlo_mux_cascade_opt       |       0 |       0 |         0.00 | 
| hlo_mux_consolidation     |       0 |       0 |         0.00 | 
| hlo_constant_mux_opt      |       0 |       0 |         0.00 | 
| hlo_inequality_transform  |       0 |       0 |        22.00 | 
| hlo_reconv_opt            |       0 |       0 |         0.00 | 
| hlo_restructure           |       0 |       0 |         0.00 | 
| hlo_common_select_muxopto |       0 |       0 |         0.00 | 
| hlo_identity_transform    |       0 |       0 |         1.00 | 
| hlo_reduce_operator_chain |       0 |       0 |         0.00 | 
| hlo_mux_cascade_opt       |       0 |       0 |         0.00 | 
| hlo_mux_consolidation     |       0 |       0 |         1.00 | 
| hlo_optimize_datapath     |       0 |       0 |         0.00 | 
| hlo_datapath_recast       |       0 |       0 |         0.00 | 
| hlo_clip_mux_input        |       0 |       0 |         0.00 | 
| hlo_clip                  |       0 |       0 |         0.00 | 
----------------------------------------------------------------
Running Unified Mux Engine Tricks...
Completed Unified Mux Engine Tricks

Stage: post_hlo_rtlopt
--------------------------------------------------
| Trick       | Accepts | Rejects | Runtime (ms) | 
--------------------------------------------------
| ume_runtime |       0 |       0 |         1.00 | 
--------------------------------------------------
Number of big hc bmuxes before = 0
Number of non-ctl's : 10
g370 g371 g382 g387 g396 g407 g409 mux_RVALID_465_19 mux_rd_state_465_19 mux_RVALID_496_415 
SOP DEBUG : Module= axi4_lite_slave, Cluster= ctl_rd_state_465_19, ctl= 2, Non-ctl= 10
Selected impl_type 0 (ctl + 1-hot mux form) for sop cluster ctl_rd_state_465_19.
Number of non-ctl's : 16
g34 g366 g378 g381 g383 g394 g398 g400 g405 mux_BVALID_400_19 mux_WREADY_400_19 mux_mac_rst_acc_400_19 mux_mac_start_400_19 mux_wr_state_400_19 mux_AWREADY_405_411 mux_WREADY_405_413 
SOP DEBUG : Module= axi4_lite_slave, Cluster= ctl_wr_state_400_19, ctl= 3, Non-ctl= 16
Selected impl_type 0 (ctl + 1-hot mux form) for sop cluster ctl_wr_state_400_19.
          live_trim(1) sop(2) mux_reduce(1) 
CSAGen Prep Share:0 Re-Write:0 Speculation: 0
MaxCSA: Successfully built Maximal CSA Expression Expr0
CDN_DP_region_29_0 level = 0 loads = 0 drivers = 0
CDN_DP_region_29_0_c0 in sync_fifo_DEPTH16_WIDTH32_ADDR_BITS4: area: 4539368050 ,dp = 4 mux = 1 sg = slow         worst_clk_period: -1.0000 
    wns: 0  norm_wns:  -1.0000 
    fail_endp: -1 
    tns:  0  tns_per_endp:  -1.0000   norm_tns_per_endp:  -1.0000 
    tns_sense_max:  -1.0000  tns_sense_avg:  -1.0000   tns_sense_num: -1
 skipped
CDN_DP_region_29_0_c1 in sync_fifo_DEPTH16_WIDTH32_ADDR_BITS4: area: 4485963720 ,dp = 4 mux = 1 sg = fast         worst_clk_period: -1.0000 
    wns: 0  norm_wns:  -1.0000 
    fail_endp: -1 
    tns:  0  tns_per_endp:  -1.0000   norm_tns_per_endp:  -1.0000 
    tns_sense_max:  -1.0000  tns_sense_avg:  -1.0000   tns_sense_num: -1
 is current best
CDN_DP_region_29_0_c2 in sync_fifo_DEPTH16_WIDTH32_ADDR_BITS4: area: 4485963720 ,dp = 4 mux = 1 sg = very_slow    worst_clk_period: -1.0000 
    wns: 0  norm_wns:  -1.0000 
    fail_endp: -1 
    tns:  0  tns_per_endp:  -1.0000   norm_tns_per_endp:  -1.0000 
    tns_sense_max:  -1.0000  tns_sense_avg:  -1.0000   tns_sense_num: -1
 is current best
CDN_DP_region_29_0_c3 in sync_fifo_DEPTH16_WIDTH32_ADDR_BITS4: area: 4485963720 ,dp = 4 mux = 1 sg = very_fast    worst_clk_period: -1.0000 
    wns: 0  norm_wns:  -1.0000 
    fail_endp: -1 
    tns:  0  tns_per_endp:  -1.0000   norm_tns_per_endp:  -1.0000 
    tns_sense_max:  -1.0000  tns_sense_avg:  -1.0000   tns_sense_num: -1
 is current best
CDN_DP_region_29_0_c4 in sync_fifo_DEPTH16_WIDTH32_ADDR_BITS4: area: 4485963720 ,dp = 4 mux = 1 sg = very_fast    worst_clk_period: -1.0000 
    wns: 0  norm_wns:  -1.0000 
    fail_endp: -1 
    tns:  0  tns_per_endp:  -1.0000   norm_tns_per_endp:  -1.0000 
    tns_sense_max:  -1.0000  tns_sense_avg:  -1.0000   tns_sense_num: -1
 is current best
CDN_DP_region_29_0_c5 in sync_fifo_DEPTH16_WIDTH32_ADDR_BITS4: area: 4485963720 ,dp = 4 mux = 1 sg = very_fast    worst_clk_period: -1.0000 
    wns: 0  norm_wns:  -1.0000 
    fail_endp: -1 
    tns:  0  tns_per_endp:  -1.0000   norm_tns_per_endp:  -1.0000 
    tns_sense_max:  -1.0000  tns_sense_avg:  -1.0000   tns_sense_num: -1
 is current best
CDN_DP_region_29_0_c6 in sync_fifo_DEPTH16_WIDTH32_ADDR_BITS4: area: 4485963720 ,dp = 4 mux = 1 sg = very_fast    worst_clk_period: -1.0000 
    wns: 0  norm_wns:  -1.0000 
    fail_endp: -1 
    tns:  0  tns_per_endp:  -1.0000   norm_tns_per_endp:  -1.0000 
    tns_sense_max:  -1.0000  tns_sense_avg:  -1.0000   tns_sense_num: -1
 is current best
CDN_DP_region_29_0_c7 in sync_fifo_DEPTH16_WIDTH32_ADDR_BITS4: area: 4539368050 ,dp = 4 mux = 1 sg = very_fast    worst_clk_period: -1.0000 
    wns: 0  norm_wns:  -1.0000 
    fail_endp: -1 
    tns:  0  tns_per_endp:  -1.0000   norm_tns_per_endp:  -1.0000 
    tns_sense_max:  -1.0000  tns_sense_avg:  -1.0000   tns_sense_num: -1

Best config: CDN_DP_region_29_0_c6 in sync_fifo_DEPTH16_WIDTH32_ADDR_BITS4: area: 4485963720 ,dp = 4 mux = 1 sg = very_fast    worst_clk_period: -1.0000 
    wns: 0  norm_wns:  -1.0000 
    fail_endp: -1 
    tns:  0  tns_per_endp:  -1.0000   norm_tns_per_endp:  -1.0000 
    tns_sense_max:  -1.0000  tns_sense_avg:  -1.0000   tns_sense_num: -1
  Smallest config area : 4485963720.  Fastest config wns;  0
##>+----------------------------------------------------------------------------------------------------------------------------------------------------------------+
##>Summary table of configs (Best config is CDN_DP_region_29_0_c6)
##>+----------------------------------------------------------------------------------------------------------------------------------------------------------------+
##>                     0                  1                  2                  3                  4                  5                  6                  7            
##>+----------------------------------------------------------------------------------------------------------------------------------------------------------------+
##>           Area       4539368050         4485963720         4485963720         4485963720         4485963720         4485963720         4485963720         4539368050  
##>            WNS         +7449.50           +7449.50           +7449.50           +7449.50           +7449.50           +7449.50           +7449.50           +7449.50  
##>            TNS                0                  0                  0                  0                  0                  0                  0                  0  
##>    Num Rewrite                0                  0                  0                  0                  0                  0                  0                  0  
##>     Num Factor                0                  0                  0                  0                  0                  0                  0                  0  
##>      Num Share                0                  0                  0                  0                  0                  0                  0                  0  
##>   Num CmultCse                0                  0                  0                  0                  0                  0                  0                  0  
##>   Num Downsize                0                  0                  0                  0                  0                  0                  0                  0  
##>  Num Speculate                0                  0                  0                  0                  0                  0                  0                  0  
##>     Runtime(s)                0                  0                  0                  0                  0                  0                  0                  0  
+----------------------------------------------------------------------------------------------------------------------------------------------------------------+
##>
##>
##>+------------------------------------------------------------------------------------------------------------------------------------------------------------+
##>Optimization Step DEBUG Table for config CDN_DP_region_29_0_c6
##>
##>                          Step                        Area   ( % Chg)        WNS (Change)        TNS (Change)          Runtime (s)        Comment                   
##>+------------------------------------------------------------------------------------------------------------------------------------------------------------+
##>createMaxCarrySave              START             4539368050 (      )    107381631.90 (        )             0 (        )              
##> datapath_rewrite_one_def       START             4539368050 ( +0.00)    107381631.90 (   +0.00)             0 (       0)              
##>  fast_cse_elim                 START             4539368050 ( +0.00)    107381631.90 (   +0.00)             0 (       0)              
##>                                  END             4539368050 ( +0.00)    107381631.90 (   +0.00)             0 (       0)           0  
##>  fast_cse_elim                 START             4539368050 ( +0.00)    107381631.90 (   +0.00)             0 (       0)              
##>                                  END             4539368050 ( +0.00)    107381631.90 (   +0.00)             0 (       0)           0  
##>                                  END             4539368050 ( +0.00)    107381631.90 (   +0.00)             0 (       0)           0  
##> dpopt_share_one_def            START             4539368050 ( +0.00)    107381631.90 (   +0.00)             0 (       0)              
##>                                  END             4539368050 ( +0.00)    107381631.90 (   +0.00)             0 (       0)           0  
##> csa_opto                       START             4539368050 ( +0.00)    214748364.70 (+107366732.80)             0 (       0)              
##>                                  END             4546997240 ( +0.17)    214748364.70 (   +0.00)             0 (       0)           0  
##>                                  END             4546997240 ( +0.17)    214748364.70 (+107366732.80)             0 (       0)           0  
##>canonicalize_by_names           START             4546997240 ( +0.00)    214748364.70 (   +0.00)             0 (       0)              
##>                                  END             4546997240 ( +0.00)    214748364.70 (   +0.00)             0 (       0)           0  
##>datapath_rewrite_post_csa_one_  START             4546997240 ( +0.00)    214748364.70 (   +0.00)             0 (       0)              
##>                                  END             4546997240 ( +0.00)    214748364.70 (   +0.00)             0 (       0)           0  
##>datapath_csa_factoring_one_gde  START             4546997240 ( +0.00)    214748364.70 (   +0.00)             0 (       0)              
##>                                  END             4546997240 ( +0.00)    214748364.70 (   +0.00)             0 (       0)           0  
##>dpopt_share_one_def             START             4546997240 ( +0.00)    214748364.70 (   +0.00)             0 (       0)              
##>                                  END             4546997240 ( +0.00)    214748364.70 (   +0.00)             0 (       0)           0  
##>datapath_rewrite_post_share     START             4546997240 ( +0.00)    214748364.70 (   +0.00)             0 (       0)              
##>                                  END             4546997240 ( +0.00)    214748364.70 (   +0.00)             0 (       0)           0  
##>dp_combine_const_mult_with_com  START             4546997240 ( +0.00)    214748364.70 (   +0.00)             0 (       0)              
##>                                  END             4546997240 ( +0.00)    214748364.70 (   +0.00)             0 (       0)           0  
##>dp_operator_level_decompositio  START             4546997240 ( +0.00)    214748364.70 (   +0.00)             0 (       0)              
##>                                  END             4546997240 ( +0.00)    214748364.70 (   +0.00)             0 (       0)           0  
##>selective_flatten_dp_config     START             4546997240 ( +0.00)    214748364.70 (   +0.00)             0 (       0)              
##>                                  END             4546997240 ( +0.00)    214748364.70 (   +0.00)             0 (       0)           0  
##>createMaxCarrySave              START             4546997240 ( +0.00)    214748364.70 (   +0.00)             0 (       0)              
##> datapath_rewrite_one_def       START             4546997240 ( +0.00)    214748364.70 (   +0.00)             0 (       0)              
##>  fast_cse_elim                 START             4546997240 ( +0.00)    214748364.70 (   +0.00)             0 (       0)              
##>                                  END             4546997240 ( +0.00)    214748364.70 (   +0.00)             0 (       0)           0  
##>  fast_cse_elim                 START             4546997240 ( +0.00)    214748364.70 (   +0.00)             0 (       0)              
##>                                  END             4546997240 ( +0.00)    214748364.70 (   +0.00)             0 (       0)           0  
##>                                  END             4546997240 ( +0.00)    214748364.70 (   +0.00)             0 (       0)           0  
##> dpopt_share_one_def            START             4546997240 ( +0.00)    214748364.70 (   +0.00)             0 (       0)              
##>                                  END             4546997240 ( +0.00)    214748364.70 (   +0.00)             0 (       0)           0  
##> csa_opto                       START             4546997240 ( +0.00)    214748364.70 (   +0.00)             0 (       0)              
##>                                  END             4546997240 ( +0.00)    214748364.70 (   +0.00)             0 (       0)           0  
##>                                  END             4546997240 ( +0.00)    214748364.70 (   +0.00)             0 (       0)           0  
##>context_based_simplify          START             4516480480 ( -0.67)    214748364.70 (   +0.00)             0 (       0)              
##>                                  END             4485963720 ( -0.68)    214748364.70 (   +0.00)             0 (       0)           0  
##>group_csa_final_adder_dp        START             4485963720 ( +0.00)    214748364.70 (   +0.00)             0 (       0)              
##>                                  END             4485963720 ( +0.00)    214748364.70 (   +0.00)             0 (       0)           0  
##>dpopt_flatten_critical_muxes_i  START             4485963720 ( +0.00)    214748364.70 (   +0.00)             0 (       0)              
##>                                  END             4485963720 ( +0.00)    214748364.70 (   +0.00)             0 (       0)           0  
##>create_score                    START             4485963720 ( +0.00)     7449.50 (-214740915.20)             0 (       0)              
##>                                  END             4485963720 ( +0.00)     7449.50 (   +0.00)             0 (       0)           0  
##>+------------------------------------------------------------------------------------------------------------------------------------------------------------+
Committed config: CDN_DP_region_29_0_c6
          Optimizations applied to 'very_fast' configuration:
            rewriting(0), factoring(0), sharing(0), cmultcse(0), downsizing(0), speculation(0)
CSAGen Prep Share:0 Re-Write:0 Speculation: 0
CDN_DP_region_4_0 level = 0 loads = 0 drivers = 0
CDN_DP_region_4_0_c0 in axi4_lite_slave: area: 2265869430 ,dp = 0 mux = 1 sg = slow         worst_clk_period: -1.0000 
    wns: 0  norm_wns:  -1.0000 
    fail_endp: -1 
    tns:  0  tns_per_endp:  -1.0000   norm_tns_per_endp:  -1.0000 
    tns_sense_max:  -1.0000  tns_sense_avg:  -1.0000   tns_sense_num: -1
 skipped
CDN_DP_region_4_0_c1 in axi4_lite_slave: area: 2265869430 ,dp = 0 mux = 1 sg = fast         worst_clk_period: -1.0000 
    wns: 0  norm_wns:  -1.0000 
    fail_endp: -1 
    tns:  0  tns_per_endp:  -1.0000   norm_tns_per_endp:  -1.0000 
    tns_sense_max:  -1.0000  tns_sense_avg:  -1.0000   tns_sense_num: -1
 is current best
CDN_DP_region_4_0_c2 in axi4_lite_slave: area: 2265869430 ,dp = 0 mux = 1 sg = very_slow    worst_clk_period: -1.0000 
    wns: 0  norm_wns:  -1.0000 
    fail_endp: -1 
    tns:  0  tns_per_endp:  -1.0000   norm_tns_per_endp:  -1.0000 
    tns_sense_max:  -1.0000  tns_sense_avg:  -1.0000   tns_sense_num: -1
 is current best
CDN_DP_region_4_0_c3 in axi4_lite_slave: area: 2265869430 ,dp = 0 mux = 1 sg = very_fast    worst_clk_period: -1.0000 
    wns: 0  norm_wns:  -1.0000 
    fail_endp: -1 
    tns:  0  tns_per_endp:  -1.0000   norm_tns_per_endp:  -1.0000 
    tns_sense_max:  -1.0000  tns_sense_avg:  -1.0000   tns_sense_num: -1
 is current best
CDN_DP_region_4_0_c4 in axi4_lite_slave: area: 2265869430 ,dp = 0 mux = 1 sg = very_fast    worst_clk_period: -1.0000 
    wns: 0  norm_wns:  -1.0000 
    fail_endp: -1 
    tns:  0  tns_per_endp:  -1.0000   norm_tns_per_endp:  -1.0000 
    tns_sense_max:  -1.0000  tns_sense_avg:  -1.0000   tns_sense_num: -1
 is current best
CDN_DP_region_4_0_c5 in axi4_lite_slave: area: 2265869430 ,dp = 0 mux = 1 sg = very_fast    worst_clk_period: -1.0000 
    wns: 0  norm_wns:  -1.0000 
    fail_endp: -1 
    tns:  0  tns_per_endp:  -1.0000   norm_tns_per_endp:  -1.0000 
    tns_sense_max:  -1.0000  tns_sense_avg:  -1.0000   tns_sense_num: -1
 is current best
CDN_DP_region_4_0_c6 in axi4_lite_slave: area: 2265869430 ,dp = 0 mux = 1 sg = very_fast    worst_clk_period: -1.0000 
    wns: 0  norm_wns:  -1.0000 
    fail_endp: -1 
    tns:  0  tns_per_endp:  -1.0000   norm_tns_per_endp:  -1.0000 
    tns_sense_max:  -1.0000  tns_sense_avg:  -1.0000   tns_sense_num: -1
 is current best
CDN_DP_region_4_0_c7 in axi4_lite_slave: area: 2265869430 ,dp = 0 mux = 1 sg = very_fast    worst_clk_period: -1.0000 
    wns: 0  norm_wns:  -1.0000 
    fail_endp: -1 
    tns:  0  tns_per_endp:  -1.0000   norm_tns_per_endp:  -1.0000 
    tns_sense_max:  -1.0000  tns_sense_avg:  -1.0000   tns_sense_num: -1
 is current best
Best config: CDN_DP_region_4_0_c7 in axi4_lite_slave: area: 2265869430 ,dp = 0 mux = 1 sg = very_fast    worst_clk_period: -1.0000 
    wns: 0  norm_wns:  -1.0000 
    fail_endp: -1 
    tns:  0  tns_per_endp:  -1.0000   norm_tns_per_endp:  -1.0000 
    tns_sense_max:  -1.0000  tns_sense_avg:  -1.0000   tns_sense_num: -1
  Smallest config area : 2265869430.  Fastest config wns;  0
##>+----------------------------------------------------------------------------------------------------------------------------------------------------------------+
##>Summary table of configs (Best config is CDN_DP_region_4_0_c7)
##>+----------------------------------------------------------------------------------------------------------------------------------------------------------------+
##>                     0                  1                  2                  3                  4                  5                  6                  7            
##>+----------------------------------------------------------------------------------------------------------------------------------------------------------------+
##>           Area       2265869430         2265869430         2265869430         2265869430         2265869430         2265869430         2265869430         2265869430  
##>            WNS         +7449.50           +7449.50           +7449.50           +7449.50           +7449.50           +7449.50           +7449.50           +7449.50  
##>            TNS                0                  0                  0                  0                  0                  0                  0                  0  
##>    Num Rewrite                0                  0                  0                  0                  0                  0                  0                  0  
##>     Num Factor                0                  0                  0                  0                  0                  0                  0                  0  
##>      Num Share                0                  0                  0                  0                  0                  0                  0                  0  
##>   Num CmultCse                0                  0                  0                  0                  0                  0                  0                  0  
##>   Num Downsize                0                  0                  0                  0                  0                  0                  0                  0  
##>  Num Speculate                0                  0                  0                  0                  0                  0                  0                  0  
##>     Runtime(s)                0                  0                  0                  0                  0                  0                  0                  0  
+----------------------------------------------------------------------------------------------------------------------------------------------------------------+
##>
##>
##>+------------------------------------------------------------------------------------------------------------------------------------------------------------+
##>Optimization Step DEBUG Table for config CDN_DP_region_4_0_c7
##>
##>                          Step                        Area   ( % Chg)        WNS (Change)        TNS (Change)          Runtime (s)        Comment                   
##>+------------------------------------------------------------------------------------------------------------------------------------------------------------+
##>EquationExtraction              START             2265869430 (      )     7449.50 (        )             0 (        )              
##>                                  END             2265869430 ( +0.00)     7449.50 (   +0.00)             0 (       0)           0  
##>createMaxCarrySave              START             2265869430 ( +0.00)     7449.50 (   +0.00)             0 (       0)              
##> datapath_rewrite_one_def       START             2265869430 ( +0.00)     7449.50 (   +0.00)             0 (       0)              
##>                                  END             2265869430 ( +0.00)     7449.50 (   +0.00)             0 (       0)           0  
##> csa_opto                       START             2265869430 ( +0.00)     7449.50 (   +0.00)             0 (       0)              
##>                                  END             2265869430 ( +0.00)     7449.50 (   +0.00)             0 (       0)           0  
##>                                  END             2265869430 ( +0.00)     7449.50 (   +0.00)             0 (       0)           0  
##>canonicalize_by_names           START             2265869430 ( +0.00)     7449.50 (   +0.00)             0 (       0)              
##>                                  END             2265869430 ( +0.00)     7449.50 (   +0.00)             0 (       0)           0  
##>datapath_rewrite_post_csa_one_  START             2265869430 ( +0.00)     7449.50 (   +0.00)             0 (       0)              
##>                                  END             2265869430 ( +0.00)     7449.50 (   +0.00)             0 (       0)           0  
##>datapath_csa_factoring_one_gde  START             2265869430 ( +0.00)     7449.50 (   +0.00)             0 (       0)              
##>                                  END             2265869430 ( +0.00)     7449.50 (   +0.00)             0 (       0)           0  
##>dpopt_share_one_def             START             2265869430 ( +0.00)     7449.50 (   +0.00)             0 (       0)              
##>                                  END             2265869430 ( +0.00)     7449.50 (   +0.00)             0 (       0)           0  
##>datapath_rewrite_post_share     START             2265869430 ( +0.00)     7449.50 (   +0.00)             0 (       0)              
##>                                  END             2265869430 ( +0.00)     7449.50 (   +0.00)             0 (       0)           0  
##>dp_combine_const_mult_with_com  START             2265869430 ( +0.00)     7449.50 (   +0.00)             0 (       0)              
##>                                  END             2265869430 ( +0.00)     7449.50 (   +0.00)             0 (       0)           0  
##>dp_operator_level_decompositio  START             2265869430 ( +0.00)     7449.50 (   +0.00)             0 (       0)              
##>                                  END             2265869430 ( +0.00)     7449.50 (   +0.00)             0 (       0)           0  
##>selective_flatten_dp_config     START             2265869430 ( +0.00)     7449.50 (   +0.00)             0 (       0)              
##>                                  END             2265869430 ( +0.00)     7449.50 (   +0.00)             0 (       0)           0  
##>createMaxCarrySave              START             2265869430 ( +0.00)     7449.50 (   +0.00)             0 (       0)              
##> datapath_rewrite_one_def       START             2265869430 ( +0.00)     7449.50 (   +0.00)             0 (       0)              
##>  fast_cse_elim                 START             2265869430 ( +0.00)     7449.50 (   +0.00)             0 (       0)              
##>                                  END             2265869430 ( +0.00)     7449.50 (   +0.00)             0 (       0)           0  
##>  fast_cse_elim                 START             2265869430 ( +0.00)     7449.50 (   +0.00)             0 (       0)              
##>                                  END             2265869430 ( +0.00)     7449.50 (   +0.00)             0 (       0)           0  
##>                                  END             2265869430 ( +0.00)     7449.50 (   +0.00)             0 (       0)           0  
##> csa_opto                       START             2265869430 ( +0.00)     7449.50 (   +0.00)             0 (       0)              
##>                                  END             2265869430 ( +0.00)     7449.50 (   +0.00)             0 (       0)           0  
##>                                  END             2265869430 ( +0.00)     7449.50 (   +0.00)             0 (       0)           0  
##>context_based_simplify          START             2265869430 ( +0.00)     7449.50 (   +0.00)             0 (       0)              
##>                                  END             2265869430 ( +0.00)     7449.50 (   +0.00)             0 (       0)           0  
##>group_csa_final_adder_dp        START             2265869430 ( +0.00)     7449.50 (   +0.00)             0 (       0)              
##>                                  END             2265869430 ( +0.00)     7449.50 (   +0.00)             0 (       0)           0  
##>dpopt_flatten_critical_muxes_i  START             2265869430 ( +0.00)     7449.50 (   +0.00)             0 (       0)              
##>                                  END             2265869430 ( +0.00)     7449.50 (   +0.00)             0 (       0)           0  
##>create_score                    START             2265869430 ( +0.00)     7449.50 (   +0.00)             0 (       0)              
##>                                  END             2265869430 ( +0.00)     7449.50 (   +0.00)             0 (       0)           0  
##>+------------------------------------------------------------------------------------------------------------------------------------------------------------+
Committed config: CDN_DP_region_4_0_c7
          Optimizations applied to 'very_fast' configuration:
            rewriting(0), factoring(0), sharing(0), cmultcse(0), downsizing(0), speculation(0)
CSAGen Prep Share:0 Re-Write:0 Speculation: 0
MaxCSA: Successfully built Maximal CSA Expression Expr1
CDN_DP_region_1_0 level = 0 loads = 0 drivers = 0
CDN_DP_region_1_0_c0 in accumulator_120: area: 2849502465 ,dp = 1 mux = 0 sg = slow         worst_clk_period: -1.0000 
    wns: 0  norm_wns:  -1.0000 
    fail_endp: -1 
    tns:  0  tns_per_endp:  -1.0000   norm_tns_per_endp:  -1.0000 
    tns_sense_max:  -1.0000  tns_sense_avg:  -1.0000   tns_sense_num: -1
 skipped
CDN_DP_region_1_0_c1 in accumulator_120: area: 2849502465 ,dp = 1 mux = 0 sg = fast         worst_clk_period: -1.0000 
    wns: 0  norm_wns:  -1.0000 
    fail_endp: -1 
    tns:  0  tns_per_endp:  -1.0000   norm_tns_per_endp:  -1.0000 
    tns_sense_max:  -1.0000  tns_sense_avg:  -1.0000   tns_sense_num: -1
 is current best
CDN_DP_region_1_0_c2 in accumulator_120: area: 2849502465 ,dp = 1 mux = 0 sg = very_slow    worst_clk_period: -1.0000 
    wns: 0  norm_wns:  -1.0000 
    fail_endp: -1 
    tns:  0  tns_per_endp:  -1.0000   norm_tns_per_endp:  -1.0000 
    tns_sense_max:  -1.0000  tns_sense_avg:  -1.0000   tns_sense_num: -1
 is current best
CDN_DP_region_1_0_c3 in accumulator_120: area: 2849502465 ,dp = 1 mux = 0 sg = very_fast    worst_clk_period: -1.0000 
    wns: 0  norm_wns:  -1.0000 
    fail_endp: -1 
    tns:  0  tns_per_endp:  -1.0000   norm_tns_per_endp:  -1.0000 
    tns_sense_max:  -1.0000  tns_sense_avg:  -1.0000   tns_sense_num: -1
 is current best
CDN_DP_region_1_0_c4 in accumulator_120: area: 2849502465 ,dp = 1 mux = 0 sg = very_fast    worst_clk_period: -1.0000 
    wns: 0  norm_wns:  -1.0000 
    fail_endp: -1 
    tns:  0  tns_per_endp:  -1.0000   norm_tns_per_endp:  -1.0000 
    tns_sense_max:  -1.0000  tns_sense_avg:  -1.0000   tns_sense_num: -1
 is current best
CDN_DP_region_1_0_c5 in accumulator_120: area: 2849502465 ,dp = 1 mux = 0 sg = very_fast    worst_clk_period: -1.0000 
    wns: 0  norm_wns:  -1.0000 
    fail_endp: -1 
    tns:  0  tns_per_endp:  -1.0000   norm_tns_per_endp:  -1.0000 
    tns_sense_max:  -1.0000  tns_sense_avg:  -1.0000   tns_sense_num: -1
 is current best
CDN_DP_region_1_0_c6 in accumulator_120: area: 2849502465 ,dp = 1 mux = 0 sg = very_fast    worst_clk_period: -1.0000 
    wns: 0  norm_wns:  -1.0000 
    fail_endp: -1 
    tns:  0  tns_per_endp:  -1.0000   norm_tns_per_endp:  -1.0000 
    tns_sense_max:  -1.0000  tns_sense_avg:  -1.0000   tns_sense_num: -1
 is current best
CDN_DP_region_1_0_c7 in accumulator_120: area: 2849502465 ,dp = 1 mux = 0 sg = very_fast    worst_clk_period: -1.0000 
    wns: 0  norm_wns:  -1.0000 
    fail_endp: -1 
    tns:  0  tns_per_endp:  -1.0000   norm_tns_per_endp:  -1.0000 
    tns_sense_max:  -1.0000  tns_sense_avg:  -1.0000   tns_sense_num: -1
 is current best
Best config: CDN_DP_region_1_0_c7 in accumulator_120: area: 2849502465 ,dp = 1 mux = 0 sg = very_fast    worst_clk_period: -1.0000 
    wns: 0  norm_wns:  -1.0000 
    fail_endp: -1 
    tns:  0  tns_per_endp:  -1.0000   norm_tns_per_endp:  -1.0000 
    tns_sense_max:  -1.0000  tns_sense_avg:  -1.0000   tns_sense_num: -1
  Smallest config area : 2849502465.  Fastest config wns;  0
##>+----------------------------------------------------------------------------------------------------------------------------------------------------------------+
##>Summary table of configs (Best config is CDN_DP_region_1_0_c7)
##>+----------------------------------------------------------------------------------------------------------------------------------------------------------------+
##>                     0                  1                  2                  3                  4                  5                  6                  7            
##>+----------------------------------------------------------------------------------------------------------------------------------------------------------------+
##>           Area       2849502465         2849502465         2849502465         2849502465         2849502465         2849502465         2849502465         2849502465  
##>            WNS         +7725.20           +7725.20           +7725.20           +7725.20           +7725.20           +7725.20           +7725.20           +7725.20  
##>            TNS                0                  0                  0                  0                  0                  0                  0                  0  
##>    Num Rewrite                0                  0                  0                  0                  0                  0                  0                  0  
##>     Num Factor                0                  0                  0                  0                  0                  0                  0                  0  
##>      Num Share                0                  0                  0                  0                  0                  0                  0                  0  
##>   Num CmultCse                0                  0                  0                  0                  0                  0                  0                  0  
##>   Num Downsize                0                  0                  0                  0                  0                  0                  0                  0  
##>  Num Speculate                0                  0                  0                  0                  0                  0                  0                  0  
##>     Runtime(s)                0                  0                  0                  0                  0                  0                  0                  0  
+----------------------------------------------------------------------------------------------------------------------------------------------------------------+
##>
##>
##>+------------------------------------------------------------------------------------------------------------------------------------------------------------+
##>Optimization Step DEBUG Table for config CDN_DP_region_1_0_c7
##>
##>                          Step                        Area   ( % Chg)        WNS (Change)        TNS (Change)          Runtime (s)        Comment                   
##>+------------------------------------------------------------------------------------------------------------------------------------------------------------+
##>EquationExtraction              START             2849502465 (      )     7725.20 (        )             0 (        )              
##> rewrite                        START             6355115270 (+123.03)     7699.70 (  -25.50)             0 (       0)              (a,ar) Expr1_from --> Expr1_to
##>                                  END             5706634120 (-10.20)     7699.70 (   +0.00)             0 (       0)           0  
##>                                  END             2849502465 ( +0.00)     7725.20 (   +0.00)             0 (       0)           0  
##>createMaxCarrySave              START             2849502465 ( +0.00)     7725.20 (   +0.00)             0 (       0)              
##> datapath_rewrite_one_def       START             2849502465 ( +0.00)     7725.20 (   +0.00)             0 (       0)              
##>                                  END             2849502465 ( +0.00)     7725.20 (   +0.00)             0 (       0)           0  
##> csa_opto                       START             2849502465 ( +0.00)     7725.20 (   +0.00)             0 (       0)              
##>                                  END             2849502465 ( +0.00)     7725.20 (   +0.00)             0 (       0)           0  
##>                                  END             2849502465 ( +0.00)     7725.20 (   +0.00)             0 (       0)           0  
##>canonicalize_by_names           START             2849502465 ( +0.00)     7725.20 (   +0.00)             0 (       0)              
##>                                  END             2849502465 ( +0.00)     7725.20 (   +0.00)             0 (       0)           0  
##>datapath_rewrite_post_csa_one_  START             2849502465 ( +0.00)     7725.20 (   +0.00)             0 (       0)              
##>                                  END             2849502465 ( +0.00)     7725.20 (   +0.00)             0 (       0)           0  
##>datapath_csa_factoring_one_gde  START             2849502465 ( +0.00)     7725.20 (   +0.00)             0 (       0)              
##>                                  END             2849502465 ( +0.00)     7725.20 (   +0.00)             0 (       0)           0  
##>dpopt_share_one_def             START             2849502465 ( +0.00)     7725.20 (   +0.00)             0 (       0)              
##>                                  END             2849502465 ( +0.00)     7725.20 (   +0.00)             0 (       0)           0  
##>datapath_rewrite_post_share     START             2849502465 ( +0.00)     7725.20 (   +0.00)             0 (       0)              
##>                                  END             2849502465 ( +0.00)     7725.20 (   +0.00)             0 (       0)           0  
##>dp_combine_const_mult_with_com  START             2849502465 ( +0.00)     7725.20 (   +0.00)             0 (       0)              
##>                                  END             2849502465 ( +0.00)     7725.20 (   +0.00)             0 (       0)           0  
##>dp_operator_level_decompositio  START             2849502465 ( +0.00)     7725.20 (   +0.00)             0 (       0)              
##>                                  END             2849502465 ( +0.00)     7725.20 (   +0.00)             0 (       0)           0  
##>selective_flatten_dp_config     START             2849502465 ( +0.00)     7725.20 (   +0.00)             0 (       0)              
##>                                  END             2849502465 ( +0.00)     7725.20 (   +0.00)             0 (       0)           0  
##>createMaxCarrySave              START             2849502465 ( +0.00)     7725.20 (   +0.00)             0 (       0)              
##> datapath_rewrite_one_def       START             2849502465 ( +0.00)     7725.20 (   +0.00)             0 (       0)              
##>  fast_cse_elim                 START             2849502465 ( +0.00)     7725.20 (   +0.00)             0 (       0)              
##>                                  END             2849502465 ( +0.00)     7725.20 (   +0.00)             0 (       0)           0  
##>  fast_cse_elim                 START             2849502465 ( +0.00)     7725.20 (   +0.00)             0 (       0)              
##>                                  END             2849502465 ( +0.00)     7725.20 (   +0.00)             0 (       0)           0  
##>                                  END             2849502465 ( +0.00)     7725.20 (   +0.00)             0 (       0)           0  
##> csa_opto                       START             2849502465 ( +0.00)     7725.20 (   +0.00)             0 (       0)              
##>                                  END             2849502465 ( +0.00)     7725.20 (   +0.00)             0 (       0)           0  
##>                                  END             2849502465 ( +0.00)     7725.20 (   +0.00)             0 (       0)           0  
##>context_based_simplify          START             2849502465 ( +0.00)     7725.20 (   +0.00)             0 (       0)              
##>                                  END             2849502465 ( +0.00)     7725.20 (   +0.00)             0 (       0)           0  
##>group_csa_final_adder_dp        START             2849502465 ( +0.00)     7725.20 (   +0.00)             0 (       0)              
##>                                  END             2849502465 ( +0.00)     7725.20 (   +0.00)             0 (       0)           0  
##>dpopt_flatten_critical_muxes_i  START             2849502465 ( +0.00)     7725.20 (   +0.00)             0 (       0)              
##>                                  END             2849502465 ( +0.00)     7725.20 (   +0.00)             0 (       0)           0  
##>create_score                    START             2849502465 ( +0.00)     7725.20 (   +0.00)             0 (       0)              
##>                                  END             2849502465 ( +0.00)     7725.20 (   +0.00)             0 (       0)           0  
##>+------------------------------------------------------------------------------------------------------------------------------------------------------------+
Committed config: CDN_DP_region_1_0_c7
          Optimizations applied to 'very_fast' configuration:
            rewriting(0), factoring(0), sharing(0), cmultcse(0), downsizing(0), speculation(0)
CSAGen Prep Share:0 Re-Write:0 Speculation: 0
MaxCSA: Successfully built Maximal CSA Expression Expr2
CDN_DP_region_2_0 level = 0 loads = 0 drivers = 0
CDN_DP_region_2_0_c0 in accumulator_121: area: 2849502465 ,dp = 1 mux = 0 sg = slow         worst_clk_period: -1.0000 
    wns: 0  norm_wns:  -1.0000 
    fail_endp: -1 
    tns:  0  tns_per_endp:  -1.0000   norm_tns_per_endp:  -1.0000 
    tns_sense_max:  -1.0000  tns_sense_avg:  -1.0000   tns_sense_num: -1
 skipped
CDN_DP_region_2_0_c1 in accumulator_121: area: 2849502465 ,dp = 1 mux = 0 sg = fast         worst_clk_period: -1.0000 
    wns: 0  norm_wns:  -1.0000 
    fail_endp: -1 
    tns:  0  tns_per_endp:  -1.0000   norm_tns_per_endp:  -1.0000 
    tns_sense_max:  -1.0000  tns_sense_avg:  -1.0000   tns_sense_num: -1
 is current best
CDN_DP_region_2_0_c2 in accumulator_121: area: 2849502465 ,dp = 1 mux = 0 sg = very_slow    worst_clk_period: -1.0000 
    wns: 0  norm_wns:  -1.0000 
    fail_endp: -1 
    tns:  0  tns_per_endp:  -1.0000   norm_tns_per_endp:  -1.0000 
    tns_sense_max:  -1.0000  tns_sense_avg:  -1.0000   tns_sense_num: -1
 is current best
CDN_DP_region_2_0_c3 in accumulator_121: area: 2849502465 ,dp = 1 mux = 0 sg = very_fast    worst_clk_period: -1.0000 
    wns: 0  norm_wns:  -1.0000 
    fail_endp: -1 
    tns:  0  tns_per_endp:  -1.0000   norm_tns_per_endp:  -1.0000 
    tns_sense_max:  -1.0000  tns_sense_avg:  -1.0000   tns_sense_num: -1
 is current best
CDN_DP_region_2_0_c4 in accumulator_121: area: 2849502465 ,dp = 1 mux = 0 sg = very_fast    worst_clk_period: -1.0000 
    wns: 0  norm_wns:  -1.0000 
    fail_endp: -1 
    tns:  0  tns_per_endp:  -1.0000   norm_tns_per_endp:  -1.0000 
    tns_sense_max:  -1.0000  tns_sense_avg:  -1.0000   tns_sense_num: -1
 is current best
CDN_DP_region_2_0_c5 in accumulator_121: area: 2849502465 ,dp = 1 mux = 0 sg = very_fast    worst_clk_period: -1.0000 
    wns: 0  norm_wns:  -1.0000 
    fail_endp: -1 
    tns:  0  tns_per_endp:  -1.0000   norm_tns_per_endp:  -1.0000 
    tns_sense_max:  -1.0000  tns_sense_avg:  -1.0000   tns_sense_num: -1
 is current best
CDN_DP_region_2_0_c6 in accumulator_121: area: 2849502465 ,dp = 1 mux = 0 sg = very_fast    worst_clk_period: -1.0000 
    wns: 0  norm_wns:  -1.0000 
    fail_endp: -1 
    tns:  0  tns_per_endp:  -1.0000   norm_tns_per_endp:  -1.0000 
    tns_sense_max:  -1.0000  tns_sense_avg:  -1.0000   tns_sense_num: -1
 is current best
CDN_DP_region_2_0_c7 in accumulator_121: area: 2849502465 ,dp = 1 mux = 0 sg = very_fast    worst_clk_period: -1.0000 
    wns: 0  norm_wns:  -1.0000 
    fail_endp: -1 
    tns:  0  tns_per_endp:  -1.0000   norm_tns_per_endp:  -1.0000 
    tns_sense_max:  -1.0000  tns_sense_avg:  -1.0000   tns_sense_num: -1
 is current best
Best config: CDN_DP_region_2_0_c7 in accumulator_121: area: 2849502465 ,dp = 1 mux = 0 sg = very_fast    worst_clk_period: -1.0000 
    wns: 0  norm_wns:  -1.0000 
    fail_endp: -1 
    tns:  0  tns_per_endp:  -1.0000   norm_tns_per_endp:  -1.0000 
    tns_sense_max:  -1.0000  tns_sense_avg:  -1.0000   tns_sense_num: -1
  Smallest config area : 2849502465.  Fastest config wns;  0
##>+----------------------------------------------------------------------------------------------------------------------------------------------------------------+
##>Summary table of configs (Best config is CDN_DP_region_2_0_c7)
##>+----------------------------------------------------------------------------------------------------------------------------------------------------------------+
##>                     0                  1                  2                  3                  4                  5                  6                  7            
##>+----------------------------------------------------------------------------------------------------------------------------------------------------------------+
##>           Area       2849502465         2849502465         2849502465         2849502465         2849502465         2849502465         2849502465         2849502465  
##>            WNS         +7725.20           +7725.20           +7725.20           +7725.20           +7725.20           +7725.20           +7725.20           +7725.20  
##>            TNS                0                  0                  0                  0                  0                  0                  0                  0  
##>    Num Rewrite                0                  0                  0                  0                  0                  0                  0                  0  
##>     Num Factor                0                  0                  0                  0                  0                  0                  0                  0  
##>      Num Share                0                  0                  0                  0                  0                  0                  0                  0  
##>   Num CmultCse                0                  0                  0                  0                  0                  0                  0                  0  
##>   Num Downsize                0                  0                  0                  0                  0                  0                  0                  0  
##>  Num Speculate                0                  0                  0                  0                  0                  0                  0                  0  
##>     Runtime(s)                0                  0                  0                  0                  0                  0                  0                  0  
+----------------------------------------------------------------------------------------------------------------------------------------------------------------+
##>
##>
##>+------------------------------------------------------------------------------------------------------------------------------------------------------------+
##>Optimization Step DEBUG Table for config CDN_DP_region_2_0_c7
##>
##>                          Step                        Area   ( % Chg)        WNS (Change)        TNS (Change)          Runtime (s)        Comment                   
##>+------------------------------------------------------------------------------------------------------------------------------------------------------------+
##>EquationExtraction              START             2849502465 (      )     7725.20 (        )             0 (        )              
##> rewrite                        START             6355115270 (+123.03)     7699.70 (  -25.50)             0 (       0)              (a,ar) Expr2_from --> Expr2_to
##>                                  END             5706634120 (-10.20)     7699.70 (   +0.00)             0 (       0)           0  
##>                                  END             2849502465 ( +0.00)     7725.20 (   +0.00)             0 (       0)           0  
##>createMaxCarrySave              START             2849502465 ( +0.00)     7725.20 (   +0.00)             0 (       0)              
##> datapath_rewrite_one_def       START             2849502465 ( +0.00)     7725.20 (   +0.00)             0 (       0)              
##>                                  END             2849502465 ( +0.00)     7725.20 (   +0.00)             0 (       0)           0  
##> csa_opto                       START             2849502465 ( +0.00)     7725.20 (   +0.00)             0 (       0)              
##>                                  END             2849502465 ( +0.00)     7725.20 (   +0.00)             0 (       0)           0  
##>                                  END             2849502465 ( +0.00)     7725.20 (   +0.00)             0 (       0)           0  
##>canonicalize_by_names           START             2849502465 ( +0.00)     7725.20 (   +0.00)             0 (       0)              
##>                                  END             2849502465 ( +0.00)     7725.20 (   +0.00)             0 (       0)           0  
##>datapath_rewrite_post_csa_one_  START             2849502465 ( +0.00)     7725.20 (   +0.00)             0 (       0)              
##>                                  END             2849502465 ( +0.00)     7725.20 (   +0.00)             0 (       0)           0  
##>datapath_csa_factoring_one_gde  START             2849502465 ( +0.00)     7725.20 (   +0.00)             0 (       0)              
##>                                  END             2849502465 ( +0.00)     7725.20 (   +0.00)             0 (       0)           0  
##>dpopt_share_one_def             START             2849502465 ( +0.00)     7725.20 (   +0.00)             0 (       0)              
##>                                  END             2849502465 ( +0.00)     7725.20 (   +0.00)             0 (       0)           0  
##>datapath_rewrite_post_share     START             2849502465 ( +0.00)     7725.20 (   +0.00)             0 (       0)              
##>                                  END             2849502465 ( +0.00)     7725.20 (   +0.00)             0 (       0)           0  
##>dp_combine_const_mult_with_com  START             2849502465 ( +0.00)     7725.20 (   +0.00)             0 (       0)              
##>                                  END             2849502465 ( +0.00)     7725.20 (   +0.00)             0 (       0)           0  
##>dp_operator_level_decompositio  START             2849502465 ( +0.00)     7725.20 (   +0.00)             0 (       0)              
##>                                  END             2849502465 ( +0.00)     7725.20 (   +0.00)             0 (       0)           0  
##>selective_flatten_dp_config     START             2849502465 ( +0.00)     7725.20 (   +0.00)             0 (       0)              
##>                                  END             2849502465 ( +0.00)     7725.20 (   +0.00)             0 (       0)           0  
##>createMaxCarrySave              START             2849502465 ( +0.00)     7725.20 (   +0.00)             0 (       0)              
##> datapath_rewrite_one_def       START             2849502465 ( +0.00)     7725.20 (   +0.00)             0 (       0)              
##>  fast_cse_elim                 START             2849502465 ( +0.00)     7725.20 (   +0.00)             0 (       0)              
##>                                  END             2849502465 ( +0.00)     7725.20 (   +0.00)             0 (       0)           0  
##>  fast_cse_elim                 START             2849502465 ( +0.00)     7725.20 (   +0.00)             0 (       0)              
##>                                  END             2849502465 ( +0.00)     7725.20 (   +0.00)             0 (       0)           0  
##>                                  END             2849502465 ( +0.00)     7725.20 (   +0.00)             0 (       0)           0  
##> csa_opto                       START             2849502465 ( +0.00)     7725.20 (   +0.00)             0 (       0)              
##>                                  END             2849502465 ( +0.00)     7725.20 (   +0.00)             0 (       0)           0  
##>                                  END             2849502465 ( +0.00)     7725.20 (   +0.00)             0 (       0)           0  
##>context_based_simplify          START             2849502465 ( +0.00)     7725.20 (   +0.00)             0 (       0)              
##>                                  END             2849502465 ( +0.00)     7725.20 (   +0.00)             0 (       0)           0  
##>group_csa_final_adder_dp        START             2849502465 ( +0.00)     7725.20 (   +0.00)             0 (       0)              
##>                                  END             2849502465 ( +0.00)     7725.20 (   +0.00)             0 (       0)           0  
##>dpopt_flatten_critical_muxes_i  START             2849502465 ( +0.00)     7725.20 (   +0.00)             0 (       0)              
##>                                  END             2849502465 ( +0.00)     7725.20 (   +0.00)             0 (       0)           0  
##>create_score                    START             2849502465 ( +0.00)     7725.20 (   +0.00)             0 (       0)              
##>                                  END             2849502465 ( +0.00)     7725.20 (   +0.00)             0 (       0)           0  
##>+------------------------------------------------------------------------------------------------------------------------------------------------------------+
Committed config: CDN_DP_region_2_0_c7
          Optimizations applied to 'very_fast' configuration:
            rewriting(0), factoring(0), sharing(0), cmultcse(0), downsizing(0), speculation(0)
CSAGen Prep Share:0 Re-Write:0 Speculation: 0
MaxCSA: Successfully built Maximal CSA Expression Expr3
CDN_DP_region_3_0 level = 0 loads = 0 drivers = 0
CDN_DP_region_3_0_c0 in accumulator_122: area: 2849502465 ,dp = 1 mux = 0 sg = slow         worst_clk_period: -1.0000 
    wns: 0  norm_wns:  -1.0000 
    fail_endp: -1 
    tns:  0  tns_per_endp:  -1.0000   norm_tns_per_endp:  -1.0000 
    tns_sense_max:  -1.0000  tns_sense_avg:  -1.0000   tns_sense_num: -1
 skipped
CDN_DP_region_3_0_c1 in accumulator_122: area: 2849502465 ,dp = 1 mux = 0 sg = fast         worst_clk_period: -1.0000 
    wns: 0  norm_wns:  -1.0000 
    fail_endp: -1 
    tns:  0  tns_per_endp:  -1.0000   norm_tns_per_endp:  -1.0000 
    tns_sense_max:  -1.0000  tns_sense_avg:  -1.0000   tns_sense_num: -1
 is current best
CDN_DP_region_3_0_c2 in accumulator_122: area: 2849502465 ,dp = 1 mux = 0 sg = very_slow    worst_clk_period: -1.0000 
    wns: 0  norm_wns:  -1.0000 
    fail_endp: -1 
    tns:  0  tns_per_endp:  -1.0000   norm_tns_per_endp:  -1.0000 
    tns_sense_max:  -1.0000  tns_sense_avg:  -1.0000   tns_sense_num: -1
 is current best
CDN_DP_region_3_0_c3 in accumulator_122: area: 2849502465 ,dp = 1 mux = 0 sg = very_fast    worst_clk_period: -1.0000 
    wns: 0  norm_wns:  -1.0000 
    fail_endp: -1 
    tns:  0  tns_per_endp:  -1.0000   norm_tns_per_endp:  -1.0000 
    tns_sense_max:  -1.0000  tns_sense_avg:  -1.0000   tns_sense_num: -1
 is current best
CDN_DP_region_3_0_c4 in accumulator_122: area: 2849502465 ,dp = 1 mux = 0 sg = very_fast    worst_clk_period: -1.0000 
    wns: 0  norm_wns:  -1.0000 
    fail_endp: -1 
    tns:  0  tns_per_endp:  -1.0000   norm_tns_per_endp:  -1.0000 
    tns_sense_max:  -1.0000  tns_sense_avg:  -1.0000   tns_sense_num: -1
 is current best
CDN_DP_region_3_0_c5 in accumulator_122: area: 2849502465 ,dp = 1 mux = 0 sg = very_fast    worst_clk_period: -1.0000 
    wns: 0  norm_wns:  -1.0000 
    fail_endp: -1 
    tns:  0  tns_per_endp:  -1.0000   norm_tns_per_endp:  -1.0000 
    tns_sense_max:  -1.0000  tns_sense_avg:  -1.0000   tns_sense_num: -1
 is current best
CDN_DP_region_3_0_c6 in accumulator_122: area: 2849502465 ,dp = 1 mux = 0 sg = very_fast    worst_clk_period: -1.0000 
    wns: 0  norm_wns:  -1.0000 
    fail_endp: -1 
    tns:  0  tns_per_endp:  -1.0000   norm_tns_per_endp:  -1.0000 
    tns_sense_max:  -1.0000  tns_sense_avg:  -1.0000   tns_sense_num: -1
 is current best
CDN_DP_region_3_0_c7 in accumulator_122: area: 2849502465 ,dp = 1 mux = 0 sg = very_fast    worst_clk_period: -1.0000 
    wns: 0  norm_wns:  -1.0000 
    fail_endp: -1 
    tns:  0  tns_per_endp:  -1.0000   norm_tns_per_endp:  -1.0000 
    tns_sense_max:  -1.0000  tns_sense_avg:  -1.0000   tns_sense_num: -1
 is current best
Best config: CDN_DP_region_3_0_c7 in accumulator_122: area: 2849502465 ,dp = 1 mux = 0 sg = very_fast    worst_clk_period: -1.0000 
    wns: 0  norm_wns:  -1.0000 
    fail_endp: -1 
    tns:  0  tns_per_endp:  -1.0000   norm_tns_per_endp:  -1.0000 
    tns_sense_max:  -1.0000  tns_sense_avg:  -1.0000   tns_sense_num: -1
  Smallest config area : 2849502465.  Fastest config wns;  0
##>+----------------------------------------------------------------------------------------------------------------------------------------------------------------+
##>Summary table of configs (Best config is CDN_DP_region_3_0_c7)
##>+----------------------------------------------------------------------------------------------------------------------------------------------------------------+
##>                     0                  1                  2                  3                  4                  5                  6                  7            
##>+----------------------------------------------------------------------------------------------------------------------------------------------------------------+
##>           Area       2849502465         2849502465         2849502465         2849502465         2849502465         2849502465         2849502465         2849502465  
##>            WNS         +7725.20           +7725.20           +7725.20           +7725.20           +7725.20           +7725.20           +7725.20           +7725.20  
##>            TNS                0                  0                  0                  0                  0                  0                  0                  0  
##>    Num Rewrite                0                  0                  0                  0                  0                  0                  0                  0  
##>     Num Factor                0                  0                  0                  0                  0                  0                  0                  0  
##>      Num Share                0                  0                  0                  0                  0                  0                  0                  0  
##>   Num CmultCse                0                  0                  0                  0                  0                  0                  0                  0  
##>   Num Downsize                0                  0                  0                  0                  0                  0                  0                  0  
##>  Num Speculate                0                  0                  0                  0                  0                  0                  0                  0  
##>     Runtime(s)                0                  0                  0                  0                  0                  0                  0                  0  
+----------------------------------------------------------------------------------------------------------------------------------------------------------------+
##>
##>
##>+------------------------------------------------------------------------------------------------------------------------------------------------------------+
##>Optimization Step DEBUG Table for config CDN_DP_region_3_0_c7
##>
##>                          Step                        Area   ( % Chg)        WNS (Change)        TNS (Change)          Runtime (s)        Comment                   
##>+------------------------------------------------------------------------------------------------------------------------------------------------------------+
##>EquationExtraction              START             2849502465 (      )     7725.20 (        )             0 (        )              
##> rewrite                        START             6355115270 (+123.03)     7699.70 (  -25.50)             0 (       0)              (a,ar) Expr3_from --> Expr3_to
##>                                  END             5706634120 (-10.20)     7699.70 (   +0.00)             0 (       0)           0  
##>                                  END             2849502465 ( +0.00)     7725.20 (   +0.00)             0 (       0)           0  
##>createMaxCarrySave              START             2849502465 ( +0.00)     7725.20 (   +0.00)             0 (       0)              
##> datapath_rewrite_one_def       START             2849502465 ( +0.00)     7725.20 (   +0.00)             0 (       0)              
##>                                  END             2849502465 ( +0.00)     7725.20 (   +0.00)             0 (       0)           0  
##> csa_opto                       START             2849502465 ( +0.00)     7725.20 (   +0.00)             0 (       0)              
##>                                  END             2849502465 ( +0.00)     7725.20 (   +0.00)             0 (       0)           0  
##>                                  END             2849502465 ( +0.00)     7725.20 (   +0.00)             0 (       0)           0  
##>canonicalize_by_names           START             2849502465 ( +0.00)     7725.20 (   +0.00)             0 (       0)              
##>                                  END             2849502465 ( +0.00)     7725.20 (   +0.00)             0 (       0)           0  
##>datapath_rewrite_post_csa_one_  START             2849502465 ( +0.00)     7725.20 (   +0.00)             0 (       0)              
##>                                  END             2849502465 ( +0.00)     7725.20 (   +0.00)             0 (       0)           0  
##>datapath_csa_factoring_one_gde  START             2849502465 ( +0.00)     7725.20 (   +0.00)             0 (       0)              
##>                                  END             2849502465 ( +0.00)     7725.20 (   +0.00)             0 (       0)           0  
##>dpopt_share_one_def             START             2849502465 ( +0.00)     7725.20 (   +0.00)             0 (       0)              
##>                                  END             2849502465 ( +0.00)     7725.20 (   +0.00)             0 (       0)           0  
##>datapath_rewrite_post_share     START             2849502465 ( +0.00)     7725.20 (   +0.00)             0 (       0)              
##>                                  END             2849502465 ( +0.00)     7725.20 (   +0.00)             0 (       0)           0  
##>dp_combine_const_mult_with_com  START             2849502465 ( +0.00)     7725.20 (   +0.00)             0 (       0)              
##>                                  END             2849502465 ( +0.00)     7725.20 (   +0.00)             0 (       0)           0  
##>dp_operator_level_decompositio  START             2849502465 ( +0.00)     7725.20 (   +0.00)             0 (       0)              
##>                                  END             2849502465 ( +0.00)     7725.20 (   +0.00)             0 (       0)           0  
##>selective_flatten_dp_config     START             2849502465 ( +0.00)     7725.20 (   +0.00)             0 (       0)              
##>                                  END             2849502465 ( +0.00)     7725.20 (   +0.00)             0 (       0)           0  
##>createMaxCarrySave              START             2849502465 ( +0.00)     7725.20 (   +0.00)             0 (       0)              
##> datapath_rewrite_one_def       START             2849502465 ( +0.00)     7725.20 (   +0.00)             0 (       0)              
##>  fast_cse_elim                 START             2849502465 ( +0.00)     7725.20 (   +0.00)             0 (       0)              
##>                                  END             2849502465 ( +0.00)     7725.20 (   +0.00)             0 (       0)           0  
##>  fast_cse_elim                 START             2849502465 ( +0.00)     7725.20 (   +0.00)             0 (       0)              
##>                                  END             2849502465 ( +0.00)     7725.20 (   +0.00)             0 (       0)           0  
##>                                  END             2849502465 ( +0.00)     7725.20 (   +0.00)             0 (       0)           0  
##> csa_opto                       START             2849502465 ( +0.00)     7725.20 (   +0.00)             0 (       0)              
##>                                  END             2849502465 ( +0.00)     7725.20 (   +0.00)             0 (       0)           0  
##>                                  END             2849502465 ( +0.00)     7725.20 (   +0.00)             0 (       0)           0  
##>context_based_simplify          START             2849502465 ( +0.00)     7725.20 (   +0.00)             0 (       0)              
##>                                  END             2849502465 ( +0.00)     7725.20 (   +0.00)             0 (       0)           0  
##>group_csa_final_adder_dp        START             2849502465 ( +0.00)     7725.20 (   +0.00)             0 (       0)              
##>                                  END             2849502465 ( +0.00)     7725.20 (   +0.00)             0 (       0)           0  
##>dpopt_flatten_critical_muxes_i  START             2849502465 ( +0.00)     7725.20 (   +0.00)             0 (       0)              
##>                                  END             2849502465 ( +0.00)     7725.20 (   +0.00)             0 (       0)           0  
##>create_score                    START             2849502465 ( +0.00)     7725.20 (   +0.00)             0 (       0)              
##>                                  END             2849502465 ( +0.00)     7725.20 (   +0.00)             0 (       0)           0  
##>+------------------------------------------------------------------------------------------------------------------------------------------------------------+
Committed config: CDN_DP_region_3_0_c7
          Optimizations applied to 'very_fast' configuration:
            rewriting(0), factoring(0), sharing(0), cmultcse(0), downsizing(0), speculation(0)
CSAGen Prep Share:0 Re-Write:0 Speculation: 0
MaxCSA: Successfully built Maximal CSA Expression Expr4
CDN_DP_region_0_0 level = 0 loads = 0 drivers = 0
CDN_DP_region_0_0_c0 in accumulator: area: 2849502465 ,dp = 1 mux = 0 sg = slow         worst_clk_period: -1.0000 
    wns: 0  norm_wns:  -1.0000 
    fail_endp: -1 
    tns:  0  tns_per_endp:  -1.0000   norm_tns_per_endp:  -1.0000 
    tns_sense_max:  -1.0000  tns_sense_avg:  -1.0000   tns_sense_num: -1
 skipped
CDN_DP_region_0_0_c1 in accumulator: area: 2849502465 ,dp = 1 mux = 0 sg = fast         worst_clk_period: -1.0000 
    wns: 0  norm_wns:  -1.0000 
    fail_endp: -1 
    tns:  0  tns_per_endp:  -1.0000   norm_tns_per_endp:  -1.0000 
    tns_sense_max:  -1.0000  tns_sense_avg:  -1.0000   tns_sense_num: -1
 is current best
CDN_DP_region_0_0_c2 in accumulator: area: 2849502465 ,dp = 1 mux = 0 sg = very_slow    worst_clk_period: -1.0000 
    wns: 0  norm_wns:  -1.0000 
    fail_endp: -1 
    tns:  0  tns_per_endp:  -1.0000   norm_tns_per_endp:  -1.0000 
    tns_sense_max:  -1.0000  tns_sense_avg:  -1.0000   tns_sense_num: -1
 is current best
CDN_DP_region_0_0_c3 in accumulator: area: 2849502465 ,dp = 1 mux = 0 sg = very_fast    worst_clk_period: -1.0000 
    wns: 0  norm_wns:  -1.0000 
    fail_endp: -1 
    tns:  0  tns_per_endp:  -1.0000   norm_tns_per_endp:  -1.0000 
    tns_sense_max:  -1.0000  tns_sense_avg:  -1.0000   tns_sense_num: -1
 is current best
CDN_DP_region_0_0_c4 in accumulator: area: 2849502465 ,dp = 1 mux = 0 sg = very_fast    worst_clk_period: -1.0000 
    wns: 0  norm_wns:  -1.0000 
    fail_endp: -1 
    tns:  0  tns_per_endp:  -1.0000   norm_tns_per_endp:  -1.0000 
    tns_sense_max:  -1.0000  tns_sense_avg:  -1.0000   tns_sense_num: -1
 is current best
CDN_DP_region_0_0_c5 in accumulator: area: 2849502465 ,dp = 1 mux = 0 sg = very_fast    worst_clk_period: -1.0000 
    wns: 0  norm_wns:  -1.0000 
    fail_endp: -1 
    tns:  0  tns_per_endp:  -1.0000   norm_tns_per_endp:  -1.0000 
    tns_sense_max:  -1.0000  tns_sense_avg:  -1.0000   tns_sense_num: -1
 is current best
CDN_DP_region_0_0_c6 in accumulator: area: 2849502465 ,dp = 1 mux = 0 sg = very_fast    worst_clk_period: -1.0000 
    wns: 0  norm_wns:  -1.0000 
    fail_endp: -1 
    tns:  0  tns_per_endp:  -1.0000   norm_tns_per_endp:  -1.0000 
    tns_sense_max:  -1.0000  tns_sense_avg:  -1.0000   tns_sense_num: -1
 is current best
CDN_DP_region_0_0_c7 in accumulator: area: 2849502465 ,dp = 1 mux = 0 sg = very_fast    worst_clk_period: -1.0000 
    wns: 0  norm_wns:  -1.0000 
    fail_endp: -1 
    tns:  0  tns_per_endp:  -1.0000   norm_tns_per_endp:  -1.0000 
    tns_sense_max:  -1.0000  tns_sense_avg:  -1.0000   tns_sense_num: -1
 is current best
Best config: CDN_DP_region_0_0_c7 in accumulator: area: 2849502465 ,dp = 1 mux = 0 sg = very_fast    worst_clk_period: -1.0000 
    wns: 0  norm_wns:  -1.0000 
    fail_endp: -1 
    tns:  0  tns_per_endp:  -1.0000   norm_tns_per_endp:  -1.0000 
    tns_sense_max:  -1.0000  tns_sense_avg:  -1.0000   tns_sense_num: -1
  Smallest config area : 2849502465.  Fastest config wns;  0
##>+----------------------------------------------------------------------------------------------------------------------------------------------------------------+
##>Summary table of configs (Best config is CDN_DP_region_0_0_c7)
##>+----------------------------------------------------------------------------------------------------------------------------------------------------------------+
##>                     0                  1                  2                  3                  4                  5                  6                  7            
##>+----------------------------------------------------------------------------------------------------------------------------------------------------------------+
##>           Area       2849502465         2849502465         2849502465         2849502465         2849502465         2849502465         2849502465         2849502465  
##>            WNS         +7725.20           +7725.20           +7725.20           +7725.20           +7725.20           +7725.20           +7725.20           +7725.20  
##>            TNS                0                  0                  0                  0                  0                  0                  0                  0  
##>    Num Rewrite                0                  0                  0                  0                  0                  0                  0                  0  
##>     Num Factor                0                  0                  0                  0                  0                  0                  0                  0  
##>      Num Share                0                  0                  0                  0                  0                  0                  0                  0  
##>   Num CmultCse                0                  0                  0                  0                  0                  0                  0                  0  
##>   Num Downsize                0                  0                  0                  0                  0                  0                  0                  0  
##>  Num Speculate                0                  0                  0                  0                  0                  0                  0                  0  
##>     Runtime(s)                0                  0                  0                  0                  0                  0                  0                  0  
+----------------------------------------------------------------------------------------------------------------------------------------------------------------+
##>
##>
##>+------------------------------------------------------------------------------------------------------------------------------------------------------------+
##>Optimization Step DEBUG Table for config CDN_DP_region_0_0_c7
##>
##>                          Step                        Area   ( % Chg)        WNS (Change)        TNS (Change)          Runtime (s)        Comment                   
##>+------------------------------------------------------------------------------------------------------------------------------------------------------------+
##>EquationExtraction              START             2849502465 (      )     7725.20 (        )             0 (        )              
##> rewrite                        START             6355115270 (+123.03)     7699.70 (  -25.50)             0 (       0)              (a,ar) Expr4_from --> Expr4_to
##>                                  END             5706634120 (-10.20)     7699.70 (   +0.00)             0 (       0)           0  
##>                                  END             2849502465 ( +0.00)     7725.20 (   +0.00)             0 (       0)           0  
##>createMaxCarrySave              START             2849502465 ( +0.00)     7725.20 (   +0.00)             0 (       0)              
##> datapath_rewrite_one_def       START             2849502465 ( +0.00)     7725.20 (   +0.00)             0 (       0)              
##>                                  END             2849502465 ( +0.00)     7725.20 (   +0.00)             0 (       0)           0  
##> csa_opto                       START             2849502465 ( +0.00)     7725.20 (   +0.00)             0 (       0)              
##>                                  END             2849502465 ( +0.00)     7725.20 (   +0.00)             0 (       0)           0  
##>                                  END             2849502465 ( +0.00)     7725.20 (   +0.00)             0 (       0)           0  
##>canonicalize_by_names           START             2849502465 ( +0.00)     7725.20 (   +0.00)             0 (       0)              
##>                                  END             2849502465 ( +0.00)     7725.20 (   +0.00)             0 (       0)           0  
##>datapath_rewrite_post_csa_one_  START             2849502465 ( +0.00)     7725.20 (   +0.00)             0 (       0)              
##>                                  END             2849502465 ( +0.00)     7725.20 (   +0.00)             0 (       0)           0  
##>datapath_csa_factoring_one_gde  START             2849502465 ( +0.00)     7725.20 (   +0.00)             0 (       0)              
##>                                  END             2849502465 ( +0.00)     7725.20 (   +0.00)             0 (       0)           0  
##>dpopt_share_one_def             START             2849502465 ( +0.00)     7725.20 (   +0.00)             0 (       0)              
##>                                  END             2849502465 ( +0.00)     7725.20 (   +0.00)             0 (       0)           0  
##>datapath_rewrite_post_share     START             2849502465 ( +0.00)     7725.20 (   +0.00)             0 (       0)              
##>                                  END             2849502465 ( +0.00)     7725.20 (   +0.00)             0 (       0)           0  
##>dp_combine_const_mult_with_com  START             2849502465 ( +0.00)     7725.20 (   +0.00)             0 (       0)              
##>                                  END             2849502465 ( +0.00)     7725.20 (   +0.00)             0 (       0)           0  
##>dp_operator_level_decompositio  START             2849502465 ( +0.00)     7725.20 (   +0.00)             0 (       0)              
##>                                  END             2849502465 ( +0.00)     7725.20 (   +0.00)             0 (       0)           0  
##>selective_flatten_dp_config     START             2849502465 ( +0.00)     7725.20 (   +0.00)             0 (       0)              
##>                                  END             2849502465 ( +0.00)     7725.20 (   +0.00)             0 (       0)           0  
##>createMaxCarrySave              START             2849502465 ( +0.00)     7725.20 (   +0.00)             0 (       0)              
##> datapath_rewrite_one_def       START             2849502465 ( +0.00)     7725.20 (   +0.00)             0 (       0)              
##>  fast_cse_elim                 START             2849502465 ( +0.00)     7725.20 (   +0.00)             0 (       0)              
##>                                  END             2849502465 ( +0.00)     7725.20 (   +0.00)             0 (       0)           0  
##>  fast_cse_elim                 START             2849502465 ( +0.00)     7725.20 (   +0.00)             0 (       0)              
##>                                  END             2849502465 ( +0.00)     7725.20 (   +0.00)             0 (       0)           0  
##>                                  END             2849502465 ( +0.00)     7725.20 (   +0.00)             0 (       0)           0  
##> csa_opto                       START             2849502465 ( +0.00)     7725.20 (   +0.00)             0 (       0)              
##>                                  END             2849502465 ( +0.00)     7725.20 (   +0.00)             0 (       0)           0  
##>                                  END             2849502465 ( +0.00)     7725.20 (   +0.00)             0 (       0)           0  
##>context_based_simplify          START             2849502465 ( +0.00)     7725.20 (   +0.00)             0 (       0)              
##>                                  END             2849502465 ( +0.00)     7725.20 (   +0.00)             0 (       0)           0  
##>group_csa_final_adder_dp        START             2849502465 ( +0.00)     7725.20 (   +0.00)             0 (       0)              
##>                                  END             2849502465 ( +0.00)     7725.20 (   +0.00)             0 (       0)           0  
##>dpopt_flatten_critical_muxes_i  START             2849502465 ( +0.00)     7725.20 (   +0.00)             0 (       0)              
##>                                  END             2849502465 ( +0.00)     7725.20 (   +0.00)             0 (       0)           0  
##>create_score                    START             2849502465 ( +0.00)     7725.20 (   +0.00)             0 (       0)              
##>                                  END             2849502465 ( +0.00)     7725.20 (   +0.00)             0 (       0)           0  
##>+------------------------------------------------------------------------------------------------------------------------------------------------------------+
Committed config: CDN_DP_region_0_0_c7
          Optimizations applied to 'very_fast' configuration:
            rewriting(0), factoring(0), sharing(0), cmultcse(0), downsizing(0), speculation(0)
CSAGen Prep Share:0 Re-Write:0 Speculation: 0
MaxCSA: Successfully built Maximal CSA Expression Expr5
CDN_DP_region_32_0 level = 0 loads = 0 drivers = 0
CDN_DP_region_32_0_c0 in wallace_stage4_967: area: 2746508400 ,dp = 1 mux = 0 sg = slow         worst_clk_period: -1.0000 
    wns: 0  norm_wns:  -1.0000 
    fail_endp: -1 
    tns:  0  tns_per_endp:  -1.0000   norm_tns_per_endp:  -1.0000 
    tns_sense_max:  -1.0000  tns_sense_avg:  -1.0000   tns_sense_num: -1
 skipped
CDN_DP_region_32_0_c1 in wallace_stage4_967: area: 2746508400 ,dp = 1 mux = 0 sg = fast         worst_clk_period: -1.0000 
    wns: 0  norm_wns:  -1.0000 
    fail_endp: -1 
    tns:  0  tns_per_endp:  -1.0000   norm_tns_per_endp:  -1.0000 
    tns_sense_max:  -1.0000  tns_sense_avg:  -1.0000   tns_sense_num: -1
 is current best
CDN_DP_region_32_0_c2 in wallace_stage4_967: area: 2746508400 ,dp = 1 mux = 0 sg = very_slow    worst_clk_period: -1.0000 
    wns: 0  norm_wns:  -1.0000 
    fail_endp: -1 
    tns:  0  tns_per_endp:  -1.0000   norm_tns_per_endp:  -1.0000 
    tns_sense_max:  -1.0000  tns_sense_avg:  -1.0000   tns_sense_num: -1
 is current best
CDN_DP_region_32_0_c3 in wallace_stage4_967: area: 2746508400 ,dp = 1 mux = 0 sg = very_fast    worst_clk_period: -1.0000 
    wns: 0  norm_wns:  -1.0000 
    fail_endp: -1 
    tns:  0  tns_per_endp:  -1.0000   norm_tns_per_endp:  -1.0000 
    tns_sense_max:  -1.0000  tns_sense_avg:  -1.0000   tns_sense_num: -1
 is current best
CDN_DP_region_32_0_c4 in wallace_stage4_967: area: 2746508400 ,dp = 1 mux = 0 sg = very_fast    worst_clk_period: -1.0000 
    wns: 0  norm_wns:  -1.0000 
    fail_endp: -1 
    tns:  0  tns_per_endp:  -1.0000   norm_tns_per_endp:  -1.0000 
    tns_sense_max:  -1.0000  tns_sense_avg:  -1.0000   tns_sense_num: -1
 is current best
CDN_DP_region_32_0_c5 in wallace_stage4_967: area: 2746508400 ,dp = 1 mux = 0 sg = very_fast    worst_clk_period: -1.0000 
    wns: 0  norm_wns:  -1.0000 
    fail_endp: -1 
    tns:  0  tns_per_endp:  -1.0000   norm_tns_per_endp:  -1.0000 
    tns_sense_max:  -1.0000  tns_sense_avg:  -1.0000   tns_sense_num: -1
 is current best
CDN_DP_region_32_0_c6 in wallace_stage4_967: area: 2746508400 ,dp = 1 mux = 0 sg = very_fast    worst_clk_period: -1.0000 
    wns: 0  norm_wns:  -1.0000 
    fail_endp: -1 
    tns:  0  tns_per_endp:  -1.0000   norm_tns_per_endp:  -1.0000 
    tns_sense_max:  -1.0000  tns_sense_avg:  -1.0000   tns_sense_num: -1
 is current best
CDN_DP_region_32_0_c7 in wallace_stage4_967: area: 2746508400 ,dp = 1 mux = 0 sg = very_fast    worst_clk_period: -1.0000 
    wns: 0  norm_wns:  -1.0000 
    fail_endp: -1 
    tns:  0  tns_per_endp:  -1.0000   norm_tns_per_endp:  -1.0000 
    tns_sense_max:  -1.0000  tns_sense_avg:  -1.0000   tns_sense_num: -1
 is current best
Best config: CDN_DP_region_32_0_c7 in wallace_stage4_967: area: 2746508400 ,dp = 1 mux = 0 sg = very_fast    worst_clk_period: -1.0000 
    wns: 0  norm_wns:  -1.0000 
    fail_endp: -1 
    tns:  0  tns_per_endp:  -1.0000   norm_tns_per_endp:  -1.0000 
    tns_sense_max:  -1.0000  tns_sense_avg:  -1.0000   tns_sense_num: -1
  Smallest config area : 2746508400.  Fastest config wns;  0
##>+----------------------------------------------------------------------------------------------------------------------------------------------------------------+
##>Summary table of configs (Best config is CDN_DP_region_32_0_c7)
##>+----------------------------------------------------------------------------------------------------------------------------------------------------------------+
##>                     0                  1                  2                  3                  4                  5                  6                  7            
##>+----------------------------------------------------------------------------------------------------------------------------------------------------------------+
##>           Area       2746508400         2746508400         2746508400         2746508400         2746508400         2746508400         2746508400         2746508400  
##>            WNS         +7521.40           +7521.40           +7521.40           +7521.40           +7521.40           +7521.40           +7521.40           +7521.40  
##>            TNS                0                  0                  0                  0                  0                  0                  0                  0  
##>    Num Rewrite                0                  0                  0                  0                  0                  0                  0                  0  
##>     Num Factor                0                  0                  0                  0                  0                  0                  0                  0  
##>      Num Share                0                  0                  0                  0                  0                  0                  0                  0  
##>   Num CmultCse                0                  0                  0                  0                  0                  0                  0                  0  
##>   Num Downsize                0                  0                  0                  0                  0                  0                  0                  0  
##>  Num Speculate                0                  0                  0                  0                  0                  0                  0                  0  
##>     Runtime(s)                0                  0                  0                  0                  0                  0                  0                  0  
+----------------------------------------------------------------------------------------------------------------------------------------------------------------+
##>
##>
##>+------------------------------------------------------------------------------------------------------------------------------------------------------------+
##>Optimization Step DEBUG Table for config CDN_DP_region_32_0_c7
##>
##>                          Step                        Area   ( % Chg)        WNS (Change)        TNS (Change)          Runtime (s)        Comment                   
##>+------------------------------------------------------------------------------------------------------------------------------------------------------------+
##>EquationExtraction              START             2746508400 (      )     7521.40 (        )             0 (        )              
##> rewrite                        START             5695190335 (+107.36)     7489.60 (  -31.80)             0 (       0)              (a,ar) Expr5_from --> Expr5_to
##>                                  END             8460771710 (+48.56)     7489.60 (   +0.00)             0 (       0)           0  
##>                                  END             2746508400 ( +0.00)     7521.40 (   +0.00)             0 (       0)           0  
##>createMaxCarrySave              START             2746508400 ( +0.00)     7521.40 (   +0.00)             0 (       0)              
##> datapath_rewrite_one_def       START             2746508400 ( +0.00)     7521.40 (   +0.00)             0 (       0)              
##>                                  END             2746508400 ( +0.00)     7521.40 (   +0.00)             0 (       0)           0  
##> csa_opto                       START             2746508400 ( +0.00)     7521.40 (   +0.00)             0 (       0)              
##>                                  END             2746508400 ( +0.00)     7521.40 (   +0.00)             0 (       0)           0  
##>                                  END             2746508400 ( +0.00)     7521.40 (   +0.00)             0 (       0)           0  
##>canonicalize_by_names           START             2746508400 ( +0.00)     7521.40 (   +0.00)             0 (       0)              
##>                                  END             2746508400 ( +0.00)     7521.40 (   +0.00)             0 (       0)           0  
##>datapath_rewrite_post_csa_one_  START             2746508400 ( +0.00)     7521.40 (   +0.00)             0 (       0)              
##>                                  END             2746508400 ( +0.00)     7521.40 (   +0.00)             0 (       0)           0  
##>datapath_csa_factoring_one_gde  START             2746508400 ( +0.00)     7521.40 (   +0.00)             0 (       0)              
##>                                  END             2746508400 ( +0.00)     7521.40 (   +0.00)             0 (       0)           0  
##>dpopt_share_one_def             START             2746508400 ( +0.00)     7521.40 (   +0.00)             0 (       0)              
##>                                  END             2746508400 ( +0.00)     7521.40 (   +0.00)             0 (       0)           0  
##>datapath_rewrite_post_share     START             2746508400 ( +0.00)     7521.40 (   +0.00)             0 (       0)              
##>                                  END             2746508400 ( +0.00)     7521.40 (   +0.00)             0 (       0)           0  
##>dp_combine_const_mult_with_com  START             2746508400 ( +0.00)     7521.40 (   +0.00)             0 (       0)              
##>                                  END             2746508400 ( +0.00)     7521.40 (   +0.00)             0 (       0)           0  
##>dp_operator_level_decompositio  START             2746508400 ( +0.00)     7521.40 (   +0.00)             0 (       0)              
##>                                  END             2746508400 ( +0.00)     7521.40 (   +0.00)             0 (       0)           0  
##>selective_flatten_dp_config     START             2746508400 ( +0.00)     7521.40 (   +0.00)             0 (       0)              
##>                                  END             2746508400 ( +0.00)     7521.40 (   +0.00)             0 (       0)           0  
##>createMaxCarrySave              START             2746508400 ( +0.00)     7521.40 (   +0.00)             0 (       0)              
##> datapath_rewrite_one_def       START             2746508400 ( +0.00)     7521.40 (   +0.00)             0 (       0)              
##>  fast_cse_elim                 START             2746508400 ( +0.00)     7521.40 (   +0.00)             0 (       0)              
##>                                  END             2746508400 ( +0.00)     7521.40 (   +0.00)             0 (       0)           0  
##>  fast_cse_elim                 START             2746508400 ( +0.00)     7521.40 (   +0.00)             0 (       0)              
##>                                  END             2746508400 ( +0.00)     7521.40 (   +0.00)             0 (       0)           0  
##>                                  END             2746508400 ( +0.00)     7521.40 (   +0.00)             0 (       0)           0  
##> csa_opto                       START             2746508400 ( +0.00)     7521.40 (   +0.00)             0 (       0)              
##>                                  END             2746508400 ( +0.00)     7521.40 (   +0.00)             0 (       0)           0  
##>                                  END             2746508400 ( +0.00)     7521.40 (   +0.00)             0 (       0)           0  
##>context_based_simplify          START             2746508400 ( +0.00)     7521.40 (   +0.00)             0 (       0)              
##>                                  END             2746508400 ( +0.00)     7521.40 (   +0.00)             0 (       0)           0  
##>group_csa_final_adder_dp        START             2746508400 ( +0.00)     7521.40 (   +0.00)             0 (       0)              
##>                                  END             2746508400 ( +0.00)     7521.40 (   +0.00)             0 (       0)           0  
##>dpopt_flatten_critical_muxes_i  START             2746508400 ( +0.00)     7521.40 (   +0.00)             0 (       0)              
##>                                  END             2746508400 ( +0.00)     7521.40 (   +0.00)             0 (       0)           0  
##>create_score                    START             2746508400 ( +0.00)     7521.40 (   +0.00)             0 (       0)              
##>                                  END             2746508400 ( +0.00)     7521.40 (   +0.00)             0 (       0)           0  
##>+------------------------------------------------------------------------------------------------------------------------------------------------------------+
Committed config: CDN_DP_region_32_0_c7
          Optimizations applied to 'very_fast' configuration:
            rewriting(0), factoring(0), sharing(0), cmultcse(0), downsizing(0), speculation(0)
CSAGen Prep Share:0 Re-Write:0 Speculation: 0
MaxCSA: Successfully built Maximal CSA Expression Expr6
MaxCSA: Successfully built Maximal CSA Expression Expr7
CDN_DP_region_6_0 level = 0 loads = 0 drivers = 0
CDN_DP_region_6_0_c0 in booth_encoder_123: area: 26469474705 ,dp = 9 mux = 23 sg = slow         worst_clk_period: -1.0000 
    wns: 0  norm_wns:  -1.0000 
    fail_endp: -1 
    tns:  0  tns_per_endp:  -1.0000   norm_tns_per_endp:  -1.0000 
    tns_sense_max:  -1.0000  tns_sense_avg:  -1.0000   tns_sense_num: -1
 skipped
CDN_DP_region_6_0_c1 in booth_encoder_123: area: 21178631440 ,dp = 2 mux = 24 sg = fast         worst_clk_period: -1.0000 
    wns: 0  norm_wns:  -1.0000 
    fail_endp: -1 
    tns:  0  tns_per_endp:  -1.0000   norm_tns_per_endp:  -1.0000 
    tns_sense_max:  -1.0000  tns_sense_avg:  -1.0000   tns_sense_num: -1
 is current best
CDN_DP_region_6_0_c2 in booth_encoder_123: area: 21178631440 ,dp = 2 mux = 24 sg = very_slow    worst_clk_period: -1.0000 
    wns: 0  norm_wns:  -1.0000 
    fail_endp: -1 
    tns:  0  tns_per_endp:  -1.0000   norm_tns_per_endp:  -1.0000 
    tns_sense_max:  -1.0000  tns_sense_avg:  -1.0000   tns_sense_num: -1
 is current best
CDN_DP_region_6_0_c3 in booth_encoder_123: area: 21178631440 ,dp = 2 mux = 24 sg = very_fast    worst_clk_period: -1.0000 
    wns: 0  norm_wns:  -1.0000 
    fail_endp: -1 
    tns:  0  tns_per_endp:  -1.0000   norm_tns_per_endp:  -1.0000 
    tns_sense_max:  -1.0000  tns_sense_avg:  -1.0000   tns_sense_num: -1
 is current best
CDN_DP_region_6_0_c4 in booth_encoder_123: area: 21178631440 ,dp = 2 mux = 24 sg = very_fast    worst_clk_period: -1.0000 
    wns: 0  norm_wns:  -1.0000 
    fail_endp: -1 
    tns:  0  tns_per_endp:  -1.0000   norm_tns_per_endp:  -1.0000 
    tns_sense_max:  -1.0000  tns_sense_avg:  -1.0000   tns_sense_num: -1
 is current best
CDN_DP_region_6_0_c5 in booth_encoder_123: area: 21178631440 ,dp = 2 mux = 24 sg = very_fast    worst_clk_period: -1.0000 
    wns: 0  norm_wns:  -1.0000 
    fail_endp: -1 
    tns:  0  tns_per_endp:  -1.0000   norm_tns_per_endp:  -1.0000 
    tns_sense_max:  -1.0000  tns_sense_avg:  -1.0000   tns_sense_num: -1
 is current best
CDN_DP_region_6_0_c6 in booth_encoder_123: area: 21178631440 ,dp = 2 mux = 24 sg = very_fast    worst_clk_period: -1.0000 
    wns: 0  norm_wns:  -1.0000 
    fail_endp: -1 
    tns:  0  tns_per_endp:  -1.0000   norm_tns_per_endp:  -1.0000 
    tns_sense_max:  -1.0000  tns_sense_avg:  -1.0000   tns_sense_num: -1
 is current best
CDN_DP_region_6_0_c7 in booth_encoder_123: area: 21178631440 ,dp = 2 mux = 24 sg = very_fast    worst_clk_period: -1.0000 
    wns: 0  norm_wns:  -1.0000 
    fail_endp: -1 
    tns:  0  tns_per_endp:  -1.0000   norm_tns_per_endp:  -1.0000 
    tns_sense_max:  -1.0000  tns_sense_avg:  -1.0000   tns_sense_num: -1
 is current best
Best config: CDN_DP_region_6_0_c7 in booth_encoder_123: area: 21178631440 ,dp = 2 mux = 24 sg = very_fast    worst_clk_period: -1.0000 
    wns: 0  norm_wns:  -1.0000 
    fail_endp: -1 
    tns:  0  tns_per_endp:  -1.0000   norm_tns_per_endp:  -1.0000 
    tns_sense_max:  -1.0000  tns_sense_avg:  -1.0000   tns_sense_num: -1
  Smallest config area : 21178631440.  Fastest config wns;  0
##>+----------------------------------------------------------------------------------------------------------------------------------------------------------------+
##>Summary table of configs (Best config is CDN_DP_region_6_0_c7)
##>+----------------------------------------------------------------------------------------------------------------------------------------------------------------+
##>                     0                  1                  2                  3                  4                  5                  6                  7            
##>+----------------------------------------------------------------------------------------------------------------------------------------------------------------+
##>           Area      26469474705        21178631440        21178631440        21178631440        21178631440        21178631440        21178631440        21178631440  
##>            WNS         +2875.10           +6730.70           +6730.70           +6730.70           +6730.70           +6730.70           +6730.70           +6730.70  
##>            TNS                0                  0                  0                  0                  0                  0                  0                  0  
##>    Num Rewrite                0                  0                  0                  0                  0                  0                  0                  0  
##>     Num Factor                0                  0                  0                  0                  0                  0                  0                  0  
##>      Num Share                0                  0                  0                  0                  0                  0                  0                  0  
##>   Num CmultCse                0                  0                  0                  0                  0                  0                  0                  0  
##>   Num Downsize                0                  0                  0                  0                  0                  0                  0                  0  
##>  Num Speculate                0                  0                  0                  0                  0                  0                  0                  0  
##>     Runtime(s)                0                  0                  0                  0                  0                  0                  0                  1  
+----------------------------------------------------------------------------------------------------------------------------------------------------------------+
##>
##>
##>+------------------------------------------------------------------------------------------------------------------------------------------------------------+
##>Optimization Step DEBUG Table for config CDN_DP_region_6_0_c7
##>
##>                          Step                        Area   ( % Chg)        WNS (Change)        TNS (Change)          Runtime (s)        Comment                   
##>+------------------------------------------------------------------------------------------------------------------------------------------------------------+
##>EquationExtraction              START            26469474705 (      )     2875.10 (        )             0 (        )              
##> rewrite                        START            38149764595 (+44.13)     5802.00 (+2926.90)             0 (       0)              (a,ar) Expr6_from --> Expr6_to
##>                                  END            43658039775 (+14.44)     5802.00 (   +0.00)             0 (       0)           0  
##> rewrite                        START            43658039775 ( +0.00)     5802.00 (   +0.00)             0 (       0)              (a,ar) Expr7_from --> Expr7_to
##>                                  END            78134349385 (+78.97)       39.10 (-5762.90)             0 (       0)           0  
##>                                  END            55635868075 (+110.19)    -1432.10 (-4307.20)         50884 (   50884)           0  
##>createMaxCarrySave              START            55635868075 ( +0.00)    -1432.10 (   +0.00)         50884 (       0)              
##> datapath_rewrite_one_def       START            55635868075 ( +0.00)    -1432.10 (   +0.00)         50884 (       0)              
##>                                  END            55635868075 ( +0.00)    -1432.10 (   +0.00)         50884 (       0)           0  
##> speculate_in_gdef              START            55635868075 ( +0.00)    -1432.10 (   +0.00)         50884 (       0)              
##>  pre_speculate_mux_merge       START            55635868075 ( +0.00)    -1432.10 (   +0.00)         50884 (       0)              
##>                                  END            55635868075 ( +0.00)    -1432.10 (   +0.00)         50884 (       0)           0  
##>                                  END            55635868075 ( +0.00)    -1432.10 (   +0.00)         50884 (       0)           0  
##> csa_opto                       START            55635868075 ( +0.00)    -1432.10 (   +0.00)         50884 (       0)              
##>                                  END            21209148200 (-61.88)     6739.70 (+8171.80)             0 (  -50884)           0  
##>                                  END            21209148200 (-61.88)     6739.70 (+8171.80)             0 (  -50884)           0  
##>canonicalize_by_names           START            21209148200 ( +0.00)     6739.70 (   +0.00)             0 (       0)              
##>                                  END            21209148200 ( +0.00)     6739.70 (   +0.00)             0 (       0)           0  
##>datapath_rewrite_post_csa_one_  START            21209148200 ( +0.00)     6739.70 (   +0.00)             0 (       0)              
##>                                  END            21209148200 ( +0.00)     6739.70 (   +0.00)             0 (       0)           0  
##>datapath_csa_factoring_one_gde  START            21209148200 ( +0.00)     6739.70 (   +0.00)             0 (       0)              
##>                                  END            21209148200 ( +0.00)     6739.70 (   +0.00)             0 (       0)           0  
##>dpopt_share_one_def             START            21209148200 ( +0.00)     6739.70 (   +0.00)             0 (       0)              
##>                                  END            21209148200 ( +0.00)     6739.70 (   +0.00)             0 (       0)           0  
##>datapath_rewrite_post_share     START            21209148200 ( +0.00)     6739.70 (   +0.00)             0 (       0)              
##>                                  END            21209148200 ( +0.00)     6739.70 (   +0.00)             0 (       0)           0  
##>dp_combine_const_mult_with_com  START            21209148200 ( +0.00)     6739.70 (   +0.00)             0 (       0)              
##>                                  END            21209148200 ( +0.00)     6739.70 (   +0.00)             0 (       0)           0  
##>speculate_in_gdef               START            21209148200 ( +0.00)     6739.70 (   +0.00)             0 (       0)              
##> pre_speculate_mux_merge        START            21209148200 ( +0.00)     6739.70 (   +0.00)             0 (       0)              
##>                                  END            21209148200 ( +0.00)     6739.70 (   +0.00)             0 (       0)           0  
##>                                  END            21209148200 ( +0.00)     6739.70 (   +0.00)             0 (       0)           0  
##>dp_operator_level_decompositio  START            21209148200 ( +0.00)     6739.70 (   +0.00)             0 (       0)              
##>                                  END            21209148200 ( +0.00)     6739.70 (   +0.00)             0 (       0)           0  
##>selective_flatten_dp_config     START            21209148200 ( +0.00)     6739.70 (   +0.00)             0 (       0)              
##>                                  END            21209148200 ( +0.00)     6739.70 (   +0.00)             0 (       0)           0  
##>createMaxCarrySave              START            21209148200 ( +0.00)     6739.70 (   +0.00)             0 (       0)              
##> datapath_rewrite_one_def       START            21209148200 ( +0.00)     6739.70 (   +0.00)             0 (       0)              
##>  fast_cse_elim                 START            21209148200 ( +0.00)     6739.70 (   +0.00)             0 (       0)              
##>                                  END            21209148200 ( +0.00)     6739.70 (   +0.00)             0 (       0)           0  
##>  fast_cse_elim                 START            21209148200 ( +0.00)     6739.70 (   +0.00)             0 (       0)              
##>                                  END            21209148200 ( +0.00)     6739.70 (   +0.00)             0 (       0)           0  
##>                                  END            21209148200 ( +0.00)     6739.70 (   +0.00)             0 (       0)           0  
##> speculate_in_gdef              START            21209148200 ( +0.00)     6739.70 (   +0.00)             0 (       0)              
##>  pre_speculate_mux_merge       START            21209148200 ( +0.00)     6739.70 (   +0.00)             0 (       0)              
##>                                  END            21209148200 ( +0.00)     6739.70 (   +0.00)             0 (       0)           0  
##>                                  END            21209148200 ( +0.00)     6739.70 (   +0.00)             0 (       0)           0  
##> csa_opto                       START            21209148200 ( +0.00)     6739.70 (   +0.00)             0 (       0)              
##>                                  END            21209148200 ( +0.00)     6739.70 (   +0.00)             0 (       0)           0  
##>                                  END            21209148200 ( +0.00)     6739.70 (   +0.00)             0 (       0)           0  
##>context_based_simplify          START            21178631440 ( -0.14)     6739.70 (   +0.00)             0 (       0)              
##>                                  END            21178631440 ( +0.00)     6739.70 (   +0.00)             0 (       0)           0  
##>group_csa_final_adder_dp        START            21178631440 ( +0.00)     6739.70 (   +0.00)             0 (       0)              
##>                                  END            25233545925 (+19.15)     6705.50 (  -34.20)             0 (       0)           0  
##>dpopt_flatten_critical_muxes_i  START            25233545925 ( +0.00)     6705.50 (   +0.00)             0 (       0)              
##>                                  END            25233545925 ( +0.00)     6705.50 (   +0.00)             0 (       0)           0  
##>speculate_in_gdef               START            25233545925 ( +0.00)     6705.50 (   +0.00)             0 (       0)              
##> pre_speculate_mux_merge        START            25233545925 ( +0.00)     6705.50 (   +0.00)             0 (       0)              
##>                                  END            25233545925 ( +0.00)     6705.50 (   +0.00)             0 (       0)           0  
##>                                  END            25233545925 ( +0.00)     6705.50 (   +0.00)             0 (       0)           0  
##>create_score                    START            21178631440 (-16.07)     6730.70 (  +25.20)             0 (       0)              
##>                                  END            21178631440 ( +0.00)     6730.70 (   +0.00)             0 (       0)           0  
##>+------------------------------------------------------------------------------------------------------------------------------------------------------------+
Committed config: CDN_DP_region_6_0_c7
          Optimizations applied to 'very_fast' configuration:
            rewriting(0), factoring(0), sharing(0), cmultcse(0), downsizing(0), speculation(0)
CSAGen Prep Share:0 Re-Write:0 Speculation: 0
MaxCSA: Successfully built Maximal CSA Expression Expr8
CDN_DP_region_33_0 level = 0 loads = 0 drivers = 0
CDN_DP_region_33_0_c0 in wallace_stage4_968: area: 2746508400 ,dp = 1 mux = 0 sg = slow         worst_clk_period: -1.0000 
    wns: 0  norm_wns:  -1.0000 
    fail_endp: -1 
    tns:  0  tns_per_endp:  -1.0000   norm_tns_per_endp:  -1.0000 
    tns_sense_max:  -1.0000  tns_sense_avg:  -1.0000   tns_sense_num: -1
 skipped
CDN_DP_region_33_0_c1 in wallace_stage4_968: area: 2746508400 ,dp = 1 mux = 0 sg = fast         worst_clk_period: -1.0000 
    wns: 0  norm_wns:  -1.0000 
    fail_endp: -1 
    tns:  0  tns_per_endp:  -1.0000   norm_tns_per_endp:  -1.0000 
    tns_sense_max:  -1.0000  tns_sense_avg:  -1.0000   tns_sense_num: -1
 is current best
CDN_DP_region_33_0_c2 in wallace_stage4_968: area: 2746508400 ,dp = 1 mux = 0 sg = very_slow    worst_clk_period: -1.0000 
    wns: 0  norm_wns:  -1.0000 
    fail_endp: -1 
    tns:  0  tns_per_endp:  -1.0000   norm_tns_per_endp:  -1.0000 
    tns_sense_max:  -1.0000  tns_sense_avg:  -1.0000   tns_sense_num: -1
 is current best
CDN_DP_region_33_0_c3 in wallace_stage4_968: area: 2746508400 ,dp = 1 mux = 0 sg = very_fast    worst_clk_period: -1.0000 
    wns: 0  norm_wns:  -1.0000 
    fail_endp: -1 
    tns:  0  tns_per_endp:  -1.0000   norm_tns_per_endp:  -1.0000 
    tns_sense_max:  -1.0000  tns_sense_avg:  -1.0000   tns_sense_num: -1
 is current best
CDN_DP_region_33_0_c4 in wallace_stage4_968: area: 2746508400 ,dp = 1 mux = 0 sg = very_fast    worst_clk_period: -1.0000 
    wns: 0  norm_wns:  -1.0000 
    fail_endp: -1 
    tns:  0  tns_per_endp:  -1.0000   norm_tns_per_endp:  -1.0000 
    tns_sense_max:  -1.0000  tns_sense_avg:  -1.0000   tns_sense_num: -1
 is current best
CDN_DP_region_33_0_c5 in wallace_stage4_968: area: 2746508400 ,dp = 1 mux = 0 sg = very_fast    worst_clk_period: -1.0000 
    wns: 0  norm_wns:  -1.0000 
    fail_endp: -1 
    tns:  0  tns_per_endp:  -1.0000   norm_tns_per_endp:  -1.0000 
    tns_sense_max:  -1.0000  tns_sense_avg:  -1.0000   tns_sense_num: -1
 is current best
CDN_DP_region_33_0_c6 in wallace_stage4_968: area: 2746508400 ,dp = 1 mux = 0 sg = very_fast    worst_clk_period: -1.0000 
    wns: 0  norm_wns:  -1.0000 
    fail_endp: -1 
    tns:  0  tns_per_endp:  -1.0000   norm_tns_per_endp:  -1.0000 
    tns_sense_max:  -1.0000  tns_sense_avg:  -1.0000   tns_sense_num: -1
 is current best
CDN_DP_region_33_0_c7 in wallace_stage4_968: area: 2746508400 ,dp = 1 mux = 0 sg = very_fast    worst_clk_period: -1.0000 
    wns: 0  norm_wns:  -1.0000 
    fail_endp: -1 
    tns:  0  tns_per_endp:  -1.0000   norm_tns_per_endp:  -1.0000 
    tns_sense_max:  -1.0000  tns_sense_avg:  -1.0000   tns_sense_num: -1
 is current best
Best config: CDN_DP_region_33_0_c7 in wallace_stage4_968: area: 2746508400 ,dp = 1 mux = 0 sg = very_fast    worst_clk_period: -1.0000 
    wns: 0  norm_wns:  -1.0000 
    fail_endp: -1 
    tns:  0  tns_per_endp:  -1.0000   norm_tns_per_endp:  -1.0000 
    tns_sense_max:  -1.0000  tns_sense_avg:  -1.0000   tns_sense_num: -1
  Smallest config area : 2746508400.  Fastest config wns;  0
##>+----------------------------------------------------------------------------------------------------------------------------------------------------------------+
##>Summary table of configs (Best config is CDN_DP_region_33_0_c7)
##>+----------------------------------------------------------------------------------------------------------------------------------------------------------------+
##>                     0                  1                  2                  3                  4                  5                  6                  7            
##>+----------------------------------------------------------------------------------------------------------------------------------------------------------------+
##>           Area       2746508400         2746508400         2746508400         2746508400         2746508400         2746508400         2746508400         2746508400  
##>            WNS         +7521.40           +7521.40           +7521.40           +7521.40           +7521.40           +7521.40           +7521.40           +7521.40  
##>            TNS                0                  0                  0                  0                  0                  0                  0                  0  
##>    Num Rewrite                0                  0                  0                  0                  0                  0                  0                  0  
##>     Num Factor                0                  0                  0                  0                  0                  0                  0                  0  
##>      Num Share                0                  0                  0                  0                  0                  0                  0                  0  
##>   Num CmultCse                0                  0                  0                  0                  0                  0                  0                  0  
##>   Num Downsize                0                  0                  0                  0                  0                  0                  0                  0  
##>  Num Speculate                0                  0                  0                  0                  0                  0                  0                  0  
##>     Runtime(s)                0                  0                  0                  0                  0                  0                  0                  0  
+----------------------------------------------------------------------------------------------------------------------------------------------------------------+
##>
##>
##>+------------------------------------------------------------------------------------------------------------------------------------------------------------+
##>Optimization Step DEBUG Table for config CDN_DP_region_33_0_c7
##>
##>                          Step                        Area   ( % Chg)        WNS (Change)        TNS (Change)          Runtime (s)        Comment                   
##>+------------------------------------------------------------------------------------------------------------------------------------------------------------+
##>EquationExtraction              START             2746508400 (      )     7521.40 (        )             0 (        )              
##> rewrite                        START             5695190335 (+107.36)     7489.60 (  -31.80)             0 (       0)              (a,ar) Expr8_from --> Expr8_to
##>                                  END             8460771710 (+48.56)     7489.60 (   +0.00)             0 (       0)           0  
##>                                  END             2746508400 ( +0.00)     7521.40 (   +0.00)             0 (       0)           0  
##>createMaxCarrySave              START             2746508400 ( +0.00)     7521.40 (   +0.00)             0 (       0)              
##> datapath_rewrite_one_def       START             2746508400 ( +0.00)     7521.40 (   +0.00)             0 (       0)              
##>                                  END             2746508400 ( +0.00)     7521.40 (   +0.00)             0 (       0)           0  
##> csa_opto                       START             2746508400 ( +0.00)     7521.40 (   +0.00)             0 (       0)              
##>                                  END             2746508400 ( +0.00)     7521.40 (   +0.00)             0 (       0)           0  
##>                                  END             2746508400 ( +0.00)     7521.40 (   +0.00)             0 (       0)           0  
##>canonicalize_by_names           START             2746508400 ( +0.00)     7521.40 (   +0.00)             0 (       0)              
##>                                  END             2746508400 ( +0.00)     7521.40 (   +0.00)             0 (       0)           0  
##>datapath_rewrite_post_csa_one_  START             2746508400 ( +0.00)     7521.40 (   +0.00)             0 (       0)              
##>                                  END             2746508400 ( +0.00)     7521.40 (   +0.00)             0 (       0)           0  
##>datapath_csa_factoring_one_gde  START             2746508400 ( +0.00)     7521.40 (   +0.00)             0 (       0)              
##>                                  END             2746508400 ( +0.00)     7521.40 (   +0.00)             0 (       0)           0  
##>dpopt_share_one_def             START             2746508400 ( +0.00)     7521.40 (   +0.00)             0 (       0)              
##>                                  END             2746508400 ( +0.00)     7521.40 (   +0.00)             0 (       0)           0  
##>datapath_rewrite_post_share     START             2746508400 ( +0.00)     7521.40 (   +0.00)             0 (       0)              
##>                                  END             2746508400 ( +0.00)     7521.40 (   +0.00)             0 (       0)           0  
##>dp_combine_const_mult_with_com  START             2746508400 ( +0.00)     7521.40 (   +0.00)             0 (       0)              
##>                                  END             2746508400 ( +0.00)     7521.40 (   +0.00)             0 (       0)           0  
##>dp_operator_level_decompositio  START             2746508400 ( +0.00)     7521.40 (   +0.00)             0 (       0)              
##>                                  END             2746508400 ( +0.00)     7521.40 (   +0.00)             0 (       0)           0  
##>selective_flatten_dp_config     START             2746508400 ( +0.00)     7521.40 (   +0.00)             0 (       0)              
##>                                  END             2746508400 ( +0.00)     7521.40 (   +0.00)             0 (       0)           0  
##>createMaxCarrySave              START             2746508400 ( +0.00)     7521.40 (   +0.00)             0 (       0)              
##> datapath_rewrite_one_def       START             2746508400 ( +0.00)     7521.40 (   +0.00)             0 (       0)              
##>  fast_cse_elim                 START             2746508400 ( +0.00)     7521.40 (   +0.00)             0 (       0)              
##>                                  END             2746508400 ( +0.00)     7521.40 (   +0.00)             0 (       0)           0  
##>  fast_cse_elim                 START             2746508400 ( +0.00)     7521.40 (   +0.00)             0 (       0)              
##>                                  END             2746508400 ( +0.00)     7521.40 (   +0.00)             0 (       0)           0  
##>                                  END             2746508400 ( +0.00)     7521.40 (   +0.00)             0 (       0)           0  
##> csa_opto                       START             2746508400 ( +0.00)     7521.40 (   +0.00)             0 (       0)              
##>                                  END             2746508400 ( +0.00)     7521.40 (   +0.00)             0 (       0)           0  
##>                                  END             2746508400 ( +0.00)     7521.40 (   +0.00)             0 (       0)           0  
##>context_based_simplify          START             2746508400 ( +0.00)     7521.40 (   +0.00)             0 (       0)              
##>                                  END             2746508400 ( +0.00)     7521.40 (   +0.00)             0 (       0)           0  
##>group_csa_final_adder_dp        START             2746508400 ( +0.00)     7521.40 (   +0.00)             0 (       0)              
##>                                  END             2746508400 ( +0.00)     7521.40 (   +0.00)             0 (       0)           0  
##>dpopt_flatten_critical_muxes_i  START             2746508400 ( +0.00)     7521.40 (   +0.00)             0 (       0)              
##>                                  END             2746508400 ( +0.00)     7521.40 (   +0.00)             0 (       0)           0  
##>create_score                    START             2746508400 ( +0.00)     7521.40 (   +0.00)             0 (       0)              
##>                                  END             2746508400 ( +0.00)     7521.40 (   +0.00)             0 (       0)           0  
##>+------------------------------------------------------------------------------------------------------------------------------------------------------------+
Committed config: CDN_DP_region_33_0_c7
          Optimizations applied to 'very_fast' configuration:
            rewriting(0), factoring(0), sharing(0), cmultcse(0), downsizing(0), speculation(0)
CSAGen Prep Share:0 Re-Write:0 Speculation: 0
MaxCSA: Successfully built Maximal CSA Expression Expr9
MaxCSA: Successfully built Maximal CSA Expression Expr10
CDN_DP_region_7_0 level = 0 loads = 0 drivers = 0
CDN_DP_region_7_0_c0 in booth_encoder_124: area: 26469474705 ,dp = 9 mux = 23 sg = slow         worst_clk_period: -1.0000 
    wns: 0  norm_wns:  -1.0000 
    fail_endp: -1 
    tns:  0  tns_per_endp:  -1.0000   norm_tns_per_endp:  -1.0000 
    tns_sense_max:  -1.0000  tns_sense_avg:  -1.0000   tns_sense_num: -1
 skipped
CDN_DP_region_7_0_c1 in booth_encoder_124: area: 21178631440 ,dp = 2 mux = 24 sg = fast         worst_clk_period: -1.0000 
    wns: 0  norm_wns:  -1.0000 
    fail_endp: -1 
    tns:  0  tns_per_endp:  -1.0000   norm_tns_per_endp:  -1.0000 
    tns_sense_max:  -1.0000  tns_sense_avg:  -1.0000   tns_sense_num: -1
 is current best
CDN_DP_region_7_0_c2 in booth_encoder_124: area: 21178631440 ,dp = 2 mux = 24 sg = very_slow    worst_clk_period: -1.0000 
    wns: 0  norm_wns:  -1.0000 
    fail_endp: -1 
    tns:  0  tns_per_endp:  -1.0000   norm_tns_per_endp:  -1.0000 
    tns_sense_max:  -1.0000  tns_sense_avg:  -1.0000   tns_sense_num: -1
 is current best
CDN_DP_region_7_0_c3 in booth_encoder_124: area: 21178631440 ,dp = 2 mux = 24 sg = very_fast    worst_clk_period: -1.0000 
    wns: 0  norm_wns:  -1.0000 
    fail_endp: -1 
    tns:  0  tns_per_endp:  -1.0000   norm_tns_per_endp:  -1.0000 
    tns_sense_max:  -1.0000  tns_sense_avg:  -1.0000   tns_sense_num: -1
 is current best
CDN_DP_region_7_0_c4 in booth_encoder_124: area: 21178631440 ,dp = 2 mux = 24 sg = very_fast    worst_clk_period: -1.0000 
    wns: 0  norm_wns:  -1.0000 
    fail_endp: -1 
    tns:  0  tns_per_endp:  -1.0000   norm_tns_per_endp:  -1.0000 
    tns_sense_max:  -1.0000  tns_sense_avg:  -1.0000   tns_sense_num: -1
 is current best
CDN_DP_region_7_0_c5 in booth_encoder_124: area: 21178631440 ,dp = 2 mux = 24 sg = very_fast    worst_clk_period: -1.0000 
    wns: 0  norm_wns:  -1.0000 
    fail_endp: -1 
    tns:  0  tns_per_endp:  -1.0000   norm_tns_per_endp:  -1.0000 
    tns_sense_max:  -1.0000  tns_sense_avg:  -1.0000   tns_sense_num: -1
 is current best
CDN_DP_region_7_0_c6 in booth_encoder_124: area: 21178631440 ,dp = 2 mux = 24 sg = very_fast    worst_clk_period: -1.0000 
    wns: 0  norm_wns:  -1.0000 
    fail_endp: -1 
    tns:  0  tns_per_endp:  -1.0000   norm_tns_per_endp:  -1.0000 
    tns_sense_max:  -1.0000  tns_sense_avg:  -1.0000   tns_sense_num: -1
 is current best
CDN_DP_region_7_0_c7 in booth_encoder_124: area: 21178631440 ,dp = 2 mux = 24 sg = very_fast    worst_clk_period: -1.0000 
    wns: 0  norm_wns:  -1.0000 
    fail_endp: -1 
    tns:  0  tns_per_endp:  -1.0000   norm_tns_per_endp:  -1.0000 
    tns_sense_max:  -1.0000  tns_sense_avg:  -1.0000   tns_sense_num: -1
 is current best
Best config: CDN_DP_region_7_0_c7 in booth_encoder_124: area: 21178631440 ,dp = 2 mux = 24 sg = very_fast    worst_clk_period: -1.0000 
    wns: 0  norm_wns:  -1.0000 
    fail_endp: -1 
    tns:  0  tns_per_endp:  -1.0000   norm_tns_per_endp:  -1.0000 
    tns_sense_max:  -1.0000  tns_sense_avg:  -1.0000   tns_sense_num: -1
  Smallest config area : 21178631440.  Fastest config wns;  0
##>+----------------------------------------------------------------------------------------------------------------------------------------------------------------+
##>Summary table of configs (Best config is CDN_DP_region_7_0_c7)
##>+----------------------------------------------------------------------------------------------------------------------------------------------------------------+
##>                     0                  1                  2                  3                  4                  5                  6                  7            
##>+----------------------------------------------------------------------------------------------------------------------------------------------------------------+
##>           Area      26469474705        21178631440        21178631440        21178631440        21178631440        21178631440        21178631440        21178631440  
##>            WNS         +2875.10           +6730.70           +6730.70           +6730.70           +6730.70           +6730.70           +6730.70           +6730.70  
##>            TNS                0                  0                  0                  0                  0                  0                  0                  0  
##>    Num Rewrite                0                  0                  0                  0                  0                  0                  0                  0  
##>     Num Factor                0                  0                  0                  0                  0                  0                  0                  0  
##>      Num Share                0                  0                  0                  0                  0                  0                  0                  0  
##>   Num CmultCse                0                  0                  0                  0                  0                  0                  0                  0  
##>   Num Downsize                0                  0                  0                  0                  0                  0                  0                  0  
##>  Num Speculate                0                  0                  0                  0                  0                  0                  0                  0  
##>     Runtime(s)                0                  0                  0                  0                  0                  0                  0                  1  
+----------------------------------------------------------------------------------------------------------------------------------------------------------------+
##>
##>
##>+------------------------------------------------------------------------------------------------------------------------------------------------------------+
##>Optimization Step DEBUG Table for config CDN_DP_region_7_0_c7
##>
##>                          Step                        Area   ( % Chg)        WNS (Change)        TNS (Change)          Runtime (s)        Comment                   
##>+------------------------------------------------------------------------------------------------------------------------------------------------------------+
##>EquationExtraction              START            26469474705 (      )     2875.10 (        )             0 (        )              
##> rewrite                        START            38149764595 (+44.13)     5802.00 (+2926.90)             0 (       0)              (a,ar) Expr9_from --> Expr9_to
##>                                  END            43658039775 (+14.44)     5802.00 (   +0.00)             0 (       0)           0  
##> rewrite                        START            43658039775 ( +0.00)     5802.00 (   +0.00)             0 (       0)              (a,ar) Expr10_from --> Expr10_to
##>                                  END            78134349385 (+78.97)       39.10 (-5762.90)             0 (       0)           0  
##>                                  END            55635868075 (+110.19)    -1432.10 (-4307.20)         50884 (   50884)           0  
##>createMaxCarrySave              START            55635868075 ( +0.00)    -1432.10 (   +0.00)         50884 (       0)              
##> datapath_rewrite_one_def       START            55635868075 ( +0.00)    -1432.10 (   +0.00)         50884 (       0)              
##>                                  END            55635868075 ( +0.00)    -1432.10 (   +0.00)         50884 (       0)           0  
##> speculate_in_gdef              START            55635868075 ( +0.00)    -1432.10 (   +0.00)         50884 (       0)              
##>  pre_speculate_mux_merge       START            55635868075 ( +0.00)    -1432.10 (   +0.00)         50884 (       0)              
##>                                  END            55635868075 ( +0.00)    -1432.10 (   +0.00)         50884 (       0)           0  
##>                                  END            55635868075 ( +0.00)    -1432.10 (   +0.00)         50884 (       0)           0  
##> csa_opto                       START            55635868075 ( +0.00)    -1432.10 (   +0.00)         50884 (       0)              
##>                                  END            21209148200 (-61.88)     6739.70 (+8171.80)             0 (  -50884)           0  
##>                                  END            21209148200 (-61.88)     6739.70 (+8171.80)             0 (  -50884)           0  
##>canonicalize_by_names           START            21209148200 ( +0.00)     6739.70 (   +0.00)             0 (       0)              
##>                                  END            21209148200 ( +0.00)     6739.70 (   +0.00)             0 (       0)           0  
##>datapath_rewrite_post_csa_one_  START            21209148200 ( +0.00)     6739.70 (   +0.00)             0 (       0)              
##>                                  END            21209148200 ( +0.00)     6739.70 (   +0.00)             0 (       0)           0  
##>datapath_csa_factoring_one_gde  START            21209148200 ( +0.00)     6739.70 (   +0.00)             0 (       0)              
##>                                  END            21209148200 ( +0.00)     6739.70 (   +0.00)             0 (       0)           0  
##>dpopt_share_one_def             START            21209148200 ( +0.00)     6739.70 (   +0.00)             0 (       0)              
##>                                  END            21209148200 ( +0.00)     6739.70 (   +0.00)             0 (       0)           0  
##>datapath_rewrite_post_share     START            21209148200 ( +0.00)     6739.70 (   +0.00)             0 (       0)              
##>                                  END            21209148200 ( +0.00)     6739.70 (   +0.00)             0 (       0)           0  
##>dp_combine_const_mult_with_com  START            21209148200 ( +0.00)     6739.70 (   +0.00)             0 (       0)              
##>                                  END            21209148200 ( +0.00)     6739.70 (   +0.00)             0 (       0)           0  
##>speculate_in_gdef               START            21209148200 ( +0.00)     6739.70 (   +0.00)             0 (       0)              
##> pre_speculate_mux_merge        START            21209148200 ( +0.00)     6739.70 (   +0.00)             0 (       0)              
##>                                  END            21209148200 ( +0.00)     6739.70 (   +0.00)             0 (       0)           0  
##>                                  END            21209148200 ( +0.00)     6739.70 (   +0.00)             0 (       0)           0  
##>dp_operator_level_decompositio  START            21209148200 ( +0.00)     6739.70 (   +0.00)             0 (       0)              
##>                                  END            21209148200 ( +0.00)     6739.70 (   +0.00)             0 (       0)           0  
##>selective_flatten_dp_config     START            21209148200 ( +0.00)     6739.70 (   +0.00)             0 (       0)              
##>                                  END            21209148200 ( +0.00)     6739.70 (   +0.00)             0 (       0)           0  
##>createMaxCarrySave              START            21209148200 ( +0.00)     6739.70 (   +0.00)             0 (       0)              
##> datapath_rewrite_one_def       START            21209148200 ( +0.00)     6739.70 (   +0.00)             0 (       0)              
##>  fast_cse_elim                 START            21209148200 ( +0.00)     6739.70 (   +0.00)             0 (       0)              
##>                                  END            21209148200 ( +0.00)     6739.70 (   +0.00)             0 (       0)           0  
##>  fast_cse_elim                 START            21209148200 ( +0.00)     6739.70 (   +0.00)             0 (       0)              
##>                                  END            21209148200 ( +0.00)     6739.70 (   +0.00)             0 (       0)           0  
##>                                  END            21209148200 ( +0.00)     6739.70 (   +0.00)             0 (       0)           0  
##> speculate_in_gdef              START            21209148200 ( +0.00)     6739.70 (   +0.00)             0 (       0)              
##>  pre_speculate_mux_merge       START            21209148200 ( +0.00)     6739.70 (   +0.00)             0 (       0)              
##>                                  END            21209148200 ( +0.00)     6739.70 (   +0.00)             0 (       0)           0  
##>                                  END            21209148200 ( +0.00)     6739.70 (   +0.00)             0 (       0)           0  
##> csa_opto                       START            21209148200 ( +0.00)     6739.70 (   +0.00)             0 (       0)              
##>                                  END            21209148200 ( +0.00)     6739.70 (   +0.00)             0 (       0)           0  
##>                                  END            21209148200 ( +0.00)     6739.70 (   +0.00)             0 (       0)           0  
##>context_based_simplify          START            21178631440 ( -0.14)     6739.70 (   +0.00)             0 (       0)              
##>                                  END            21178631440 ( +0.00)     6739.70 (   +0.00)             0 (       0)           0  
##>group_csa_final_adder_dp        START            21178631440 ( +0.00)     6739.70 (   +0.00)             0 (       0)              
##>                                  END            25233545925 (+19.15)     6705.50 (  -34.20)             0 (       0)           0  
##>dpopt_flatten_critical_muxes_i  START            25233545925 ( +0.00)     6705.50 (   +0.00)             0 (       0)              
##>                                  END            25233545925 ( +0.00)     6705.50 (   +0.00)             0 (       0)           0  
##>speculate_in_gdef               START            25233545925 ( +0.00)     6705.50 (   +0.00)             0 (       0)              
##> pre_speculate_mux_merge        START            25233545925 ( +0.00)     6705.50 (   +0.00)             0 (       0)              
##>                                  END            25233545925 ( +0.00)     6705.50 (   +0.00)             0 (       0)           0  
##>                                  END            25233545925 ( +0.00)     6705.50 (   +0.00)             0 (       0)           0  
##>create_score                    START            21178631440 (-16.07)     6730.70 (  +25.20)             0 (       0)              
##>                                  END            21178631440 ( +0.00)     6730.70 (   +0.00)             0 (       0)           0  
##>+------------------------------------------------------------------------------------------------------------------------------------------------------------+
Committed config: CDN_DP_region_7_0_c7
          Optimizations applied to 'very_fast' configuration:
            rewriting(0), factoring(0), sharing(0), cmultcse(0), downsizing(0), speculation(0)
CSAGen Prep Share:0 Re-Write:0 Speculation: 0
MaxCSA: Successfully built Maximal CSA Expression Expr11
CDN_DP_region_34_0 level = 0 loads = 0 drivers = 0
CDN_DP_region_34_0_c0 in wallace_stage4_969: area: 2746508400 ,dp = 1 mux = 0 sg = slow         worst_clk_period: -1.0000 
    wns: 0  norm_wns:  -1.0000 
    fail_endp: -1 
    tns:  0  tns_per_endp:  -1.0000   norm_tns_per_endp:  -1.0000 
    tns_sense_max:  -1.0000  tns_sense_avg:  -1.0000   tns_sense_num: -1
 skipped
CDN_DP_region_34_0_c1 in wallace_stage4_969: area: 2746508400 ,dp = 1 mux = 0 sg = fast         worst_clk_period: -1.0000 
    wns: 0  norm_wns:  -1.0000 
    fail_endp: -1 
    tns:  0  tns_per_endp:  -1.0000   norm_tns_per_endp:  -1.0000 
    tns_sense_max:  -1.0000  tns_sense_avg:  -1.0000   tns_sense_num: -1
 is current best
CDN_DP_region_34_0_c2 in wallace_stage4_969: area: 2746508400 ,dp = 1 mux = 0 sg = very_slow    worst_clk_period: -1.0000 
    wns: 0  norm_wns:  -1.0000 
    fail_endp: -1 
    tns:  0  tns_per_endp:  -1.0000   norm_tns_per_endp:  -1.0000 
    tns_sense_max:  -1.0000  tns_sense_avg:  -1.0000   tns_sense_num: -1
 is current best
CDN_DP_region_34_0_c3 in wallace_stage4_969: area: 2746508400 ,dp = 1 mux = 0 sg = very_fast    worst_clk_period: -1.0000 
    wns: 0  norm_wns:  -1.0000 
    fail_endp: -1 
    tns:  0  tns_per_endp:  -1.0000   norm_tns_per_endp:  -1.0000 
    tns_sense_max:  -1.0000  tns_sense_avg:  -1.0000   tns_sense_num: -1
 is current best
CDN_DP_region_34_0_c4 in wallace_stage4_969: area: 2746508400 ,dp = 1 mux = 0 sg = very_fast    worst_clk_period: -1.0000 
    wns: 0  norm_wns:  -1.0000 
    fail_endp: -1 
    tns:  0  tns_per_endp:  -1.0000   norm_tns_per_endp:  -1.0000 
    tns_sense_max:  -1.0000  tns_sense_avg:  -1.0000   tns_sense_num: -1
 is current best
CDN_DP_region_34_0_c5 in wallace_stage4_969: area: 2746508400 ,dp = 1 mux = 0 sg = very_fast    worst_clk_period: -1.0000 
    wns: 0  norm_wns:  -1.0000 
    fail_endp: -1 
    tns:  0  tns_per_endp:  -1.0000   norm_tns_per_endp:  -1.0000 
    tns_sense_max:  -1.0000  tns_sense_avg:  -1.0000   tns_sense_num: -1
 is current best
CDN_DP_region_34_0_c6 in wallace_stage4_969: area: 2746508400 ,dp = 1 mux = 0 sg = very_fast    worst_clk_period: -1.0000 
    wns: 0  norm_wns:  -1.0000 
    fail_endp: -1 
    tns:  0  tns_per_endp:  -1.0000   norm_tns_per_endp:  -1.0000 
    tns_sense_max:  -1.0000  tns_sense_avg:  -1.0000   tns_sense_num: -1
 is current best
CDN_DP_region_34_0_c7 in wallace_stage4_969: area: 2746508400 ,dp = 1 mux = 0 sg = very_fast    worst_clk_period: -1.0000 
    wns: 0  norm_wns:  -1.0000 
    fail_endp: -1 
    tns:  0  tns_per_endp:  -1.0000   norm_tns_per_endp:  -1.0000 
    tns_sense_max:  -1.0000  tns_sense_avg:  -1.0000   tns_sense_num: -1
 is current best
Best config: CDN_DP_region_34_0_c7 in wallace_stage4_969: area: 2746508400 ,dp = 1 mux = 0 sg = very_fast    worst_clk_period: -1.0000 
    wns: 0  norm_wns:  -1.0000 
    fail_endp: -1 
    tns:  0  tns_per_endp:  -1.0000   norm_tns_per_endp:  -1.0000 
    tns_sense_max:  -1.0000  tns_sense_avg:  -1.0000   tns_sense_num: -1
  Smallest config area : 2746508400.  Fastest config wns;  0
##>+----------------------------------------------------------------------------------------------------------------------------------------------------------------+
##>Summary table of configs (Best config is CDN_DP_region_34_0_c7)
##>+----------------------------------------------------------------------------------------------------------------------------------------------------------------+
##>                     0                  1                  2                  3                  4                  5                  6                  7            
##>+----------------------------------------------------------------------------------------------------------------------------------------------------------------+
##>           Area       2746508400         2746508400         2746508400         2746508400         2746508400         2746508400         2746508400         2746508400  
##>            WNS         +7521.40           +7521.40           +7521.40           +7521.40           +7521.40           +7521.40           +7521.40           +7521.40  
##>            TNS                0                  0                  0                  0                  0                  0                  0                  0  
##>    Num Rewrite                0                  0                  0                  0                  0                  0                  0                  0  
##>     Num Factor                0                  0                  0                  0                  0                  0                  0                  0  
##>      Num Share                0                  0                  0                  0                  0                  0                  0                  0  
##>   Num CmultCse                0                  0                  0                  0                  0                  0                  0                  0  
##>   Num Downsize                0                  0                  0                  0                  0                  0                  0                  0  
##>  Num Speculate                0                  0                  0                  0                  0                  0                  0                  0  
##>     Runtime(s)                0                  0                  0                  0                  0                  0                  0                  0  
+----------------------------------------------------------------------------------------------------------------------------------------------------------------+
##>
##>
##>+------------------------------------------------------------------------------------------------------------------------------------------------------------+
##>Optimization Step DEBUG Table for config CDN_DP_region_34_0_c7
##>
##>                          Step                        Area   ( % Chg)        WNS (Change)        TNS (Change)          Runtime (s)        Comment                   
##>+------------------------------------------------------------------------------------------------------------------------------------------------------------+
##>EquationExtraction              START             2746508400 (      )     7521.40 (        )             0 (        )              
##> rewrite                        START             5695190335 (+107.36)     7489.60 (  -31.80)             0 (       0)              (a,ar) Expr11_from --> Expr11_to
##>                                  END             8460771710 (+48.56)     7489.60 (   +0.00)             0 (       0)           0  
##>                                  END             2746508400 ( +0.00)     7521.40 (   +0.00)             0 (       0)           0  
##>createMaxCarrySave              START             2746508400 ( +0.00)     7521.40 (   +0.00)             0 (       0)              
##> datapath_rewrite_one_def       START             2746508400 ( +0.00)     7521.40 (   +0.00)             0 (       0)              
##>                                  END             2746508400 ( +0.00)     7521.40 (   +0.00)             0 (       0)           0  
##> csa_opto                       START             2746508400 ( +0.00)     7521.40 (   +0.00)             0 (       0)              
##>                                  END             2746508400 ( +0.00)     7521.40 (   +0.00)             0 (       0)           0  
##>                                  END             2746508400 ( +0.00)     7521.40 (   +0.00)             0 (       0)           0  
##>canonicalize_by_names           START             2746508400 ( +0.00)     7521.40 (   +0.00)             0 (       0)              
##>                                  END             2746508400 ( +0.00)     7521.40 (   +0.00)             0 (       0)           0  
##>datapath_rewrite_post_csa_one_  START             2746508400 ( +0.00)     7521.40 (   +0.00)             0 (       0)              
##>                                  END             2746508400 ( +0.00)     7521.40 (   +0.00)             0 (       0)           0  
##>datapath_csa_factoring_one_gde  START             2746508400 ( +0.00)     7521.40 (   +0.00)             0 (       0)              
##>                                  END             2746508400 ( +0.00)     7521.40 (   +0.00)             0 (       0)           0  
##>dpopt_share_one_def             START             2746508400 ( +0.00)     7521.40 (   +0.00)             0 (       0)              
##>                                  END             2746508400 ( +0.00)     7521.40 (   +0.00)             0 (       0)           0  
##>datapath_rewrite_post_share     START             2746508400 ( +0.00)     7521.40 (   +0.00)             0 (       0)              
##>                                  END             2746508400 ( +0.00)     7521.40 (   +0.00)             0 (       0)           0  
##>dp_combine_const_mult_with_com  START             2746508400 ( +0.00)     7521.40 (   +0.00)             0 (       0)              
##>                                  END             2746508400 ( +0.00)     7521.40 (   +0.00)             0 (       0)           0  
##>dp_operator_level_decompositio  START             2746508400 ( +0.00)     7521.40 (   +0.00)             0 (       0)              
##>                                  END             2746508400 ( +0.00)     7521.40 (   +0.00)             0 (       0)           0  
##>selective_flatten_dp_config     START             2746508400 ( +0.00)     7521.40 (   +0.00)             0 (       0)              
##>                                  END             2746508400 ( +0.00)     7521.40 (   +0.00)             0 (       0)           0  
##>createMaxCarrySave              START             2746508400 ( +0.00)     7521.40 (   +0.00)             0 (       0)              
##> datapath_rewrite_one_def       START             2746508400 ( +0.00)     7521.40 (   +0.00)             0 (       0)              
##>  fast_cse_elim                 START             2746508400 ( +0.00)     7521.40 (   +0.00)             0 (       0)              
##>                                  END             2746508400 ( +0.00)     7521.40 (   +0.00)             0 (       0)           0  
##>  fast_cse_elim                 START             2746508400 ( +0.00)     7521.40 (   +0.00)             0 (       0)              
##>                                  END             2746508400 ( +0.00)     7521.40 (   +0.00)             0 (       0)           0  
##>                                  END             2746508400 ( +0.00)     7521.40 (   +0.00)             0 (       0)           0  
##> csa_opto                       START             2746508400 ( +0.00)     7521.40 (   +0.00)             0 (       0)              
##>                                  END             2746508400 ( +0.00)     7521.40 (   +0.00)             0 (       0)           0  
##>                                  END             2746508400 ( +0.00)     7521.40 (   +0.00)             0 (       0)           0  
##>context_based_simplify          START             2746508400 ( +0.00)     7521.40 (   +0.00)             0 (       0)              
##>                                  END             2746508400 ( +0.00)     7521.40 (   +0.00)             0 (       0)           0  
##>group_csa_final_adder_dp        START             2746508400 ( +0.00)     7521.40 (   +0.00)             0 (       0)              
##>                                  END             2746508400 ( +0.00)     7521.40 (   +0.00)             0 (       0)           0  
##>dpopt_flatten_critical_muxes_i  START             2746508400 ( +0.00)     7521.40 (   +0.00)             0 (       0)              
##>                                  END             2746508400 ( +0.00)     7521.40 (   +0.00)             0 (       0)           0  
##>create_score                    START             2746508400 ( +0.00)     7521.40 (   +0.00)             0 (       0)              
##>                                  END             2746508400 ( +0.00)     7521.40 (   +0.00)             0 (       0)           0  
##>+------------------------------------------------------------------------------------------------------------------------------------------------------------+
Committed config: CDN_DP_region_34_0_c7
          Optimizations applied to 'very_fast' configuration:
            rewriting(0), factoring(0), sharing(0), cmultcse(0), downsizing(0), speculation(0)
CSAGen Prep Share:0 Re-Write:0 Speculation: 0
MaxCSA: Successfully built Maximal CSA Expression Expr12
MaxCSA: Successfully built Maximal CSA Expression Expr13
CDN_DP_region_8_0 level = 0 loads = 0 drivers = 0
CDN_DP_region_8_0_c0 in booth_encoder_125: area: 26469474705 ,dp = 9 mux = 23 sg = slow         worst_clk_period: -1.0000 
    wns: 0  norm_wns:  -1.0000 
    fail_endp: -1 
    tns:  0  tns_per_endp:  -1.0000   norm_tns_per_endp:  -1.0000 
    tns_sense_max:  -1.0000  tns_sense_avg:  -1.0000   tns_sense_num: -1
 skipped
CDN_DP_region_8_0_c1 in booth_encoder_125: area: 21178631440 ,dp = 2 mux = 24 sg = fast         worst_clk_period: -1.0000 
    wns: 0  norm_wns:  -1.0000 
    fail_endp: -1 
    tns:  0  tns_per_endp:  -1.0000   norm_tns_per_endp:  -1.0000 
    tns_sense_max:  -1.0000  tns_sense_avg:  -1.0000   tns_sense_num: -1
 is current best
CDN_DP_region_8_0_c2 in booth_encoder_125: area: 21178631440 ,dp = 2 mux = 24 sg = very_slow    worst_clk_period: -1.0000 
    wns: 0  norm_wns:  -1.0000 
    fail_endp: -1 
    tns:  0  tns_per_endp:  -1.0000   norm_tns_per_endp:  -1.0000 
    tns_sense_max:  -1.0000  tns_sense_avg:  -1.0000   tns_sense_num: -1
 is current best
CDN_DP_region_8_0_c3 in booth_encoder_125: area: 21178631440 ,dp = 2 mux = 24 sg = very_fast    worst_clk_period: -1.0000 
    wns: 0  norm_wns:  -1.0000 
    fail_endp: -1 
    tns:  0  tns_per_endp:  -1.0000   norm_tns_per_endp:  -1.0000 
    tns_sense_max:  -1.0000  tns_sense_avg:  -1.0000   tns_sense_num: -1
 is current best
CDN_DP_region_8_0_c4 in booth_encoder_125: area: 21178631440 ,dp = 2 mux = 24 sg = very_fast    worst_clk_period: -1.0000 
    wns: 0  norm_wns:  -1.0000 
    fail_endp: -1 
    tns:  0  tns_per_endp:  -1.0000   norm_tns_per_endp:  -1.0000 
    tns_sense_max:  -1.0000  tns_sense_avg:  -1.0000   tns_sense_num: -1
 is current best
CDN_DP_region_8_0_c5 in booth_encoder_125: area: 21178631440 ,dp = 2 mux = 24 sg = very_fast    worst_clk_period: -1.0000 
    wns: 0  norm_wns:  -1.0000 
    fail_endp: -1 
    tns:  0  tns_per_endp:  -1.0000   norm_tns_per_endp:  -1.0000 
    tns_sense_max:  -1.0000  tns_sense_avg:  -1.0000   tns_sense_num: -1
 is current best
CDN_DP_region_8_0_c6 in booth_encoder_125: area: 21178631440 ,dp = 2 mux = 24 sg = very_fast    worst_clk_period: -1.0000 
    wns: 0  norm_wns:  -1.0000 
    fail_endp: -1 
    tns:  0  tns_per_endp:  -1.0000   norm_tns_per_endp:  -1.0000 
    tns_sense_max:  -1.0000  tns_sense_avg:  -1.0000   tns_sense_num: -1
 is current best
CDN_DP_region_8_0_c7 in booth_encoder_125: area: 21178631440 ,dp = 2 mux = 24 sg = very_fast    worst_clk_period: -1.0000 
    wns: 0  norm_wns:  -1.0000 
    fail_endp: -1 
    tns:  0  tns_per_endp:  -1.0000   norm_tns_per_endp:  -1.0000 
    tns_sense_max:  -1.0000  tns_sense_avg:  -1.0000   tns_sense_num: -1
 is current best
Best config: CDN_DP_region_8_0_c7 in booth_encoder_125: area: 21178631440 ,dp = 2 mux = 24 sg = very_fast    worst_clk_period: -1.0000 
    wns: 0  norm_wns:  -1.0000 
    fail_endp: -1 
    tns:  0  tns_per_endp:  -1.0000   norm_tns_per_endp:  -1.0000 
    tns_sense_max:  -1.0000  tns_sense_avg:  -1.0000   tns_sense_num: -1
  Smallest config area : 21178631440.  Fastest config wns;  0
##>+----------------------------------------------------------------------------------------------------------------------------------------------------------------+
##>Summary table of configs (Best config is CDN_DP_region_8_0_c7)
##>+----------------------------------------------------------------------------------------------------------------------------------------------------------------+
##>                     0                  1                  2                  3                  4                  5                  6                  7            
##>+----------------------------------------------------------------------------------------------------------------------------------------------------------------+
##>           Area      26469474705        21178631440        21178631440        21178631440        21178631440        21178631440        21178631440        21178631440  
##>            WNS         +2875.10           +6730.70           +6730.70           +6730.70           +6730.70           +6730.70           +6730.70           +6730.70  
##>            TNS                0                  0                  0                  0                  0                  0                  0                  0  
##>    Num Rewrite                0                  0                  0                  0                  0                  0                  0                  0  
##>     Num Factor                0                  0                  0                  0                  0                  0                  0                  0  
##>      Num Share                0                  0                  0                  0                  0                  0                  0                  0  
##>   Num CmultCse                0                  0                  0                  0                  0                  0                  0                  0  
##>   Num Downsize                0                  0                  0                  0                  0                  0                  0                  0  
##>  Num Speculate                0                  0                  0                  0                  0                  0                  0                  0  
##>     Runtime(s)                0                  0                  0                  0                  0                  0                  0                  1  
+----------------------------------------------------------------------------------------------------------------------------------------------------------------+
##>
##>
##>+------------------------------------------------------------------------------------------------------------------------------------------------------------+
##>Optimization Step DEBUG Table for config CDN_DP_region_8_0_c7
##>
##>                          Step                        Area   ( % Chg)        WNS (Change)        TNS (Change)          Runtime (s)        Comment                   
##>+------------------------------------------------------------------------------------------------------------------------------------------------------------+
##>EquationExtraction              START            26469474705 (      )     2875.10 (        )             0 (        )              
##> rewrite                        START            38149764595 (+44.13)     5802.00 (+2926.90)             0 (       0)              (a,ar) Expr12_from --> Expr12_to
##>                                  END            43658039775 (+14.44)     5802.00 (   +0.00)             0 (       0)           0  
##> rewrite                        START            43658039775 ( +0.00)     5802.00 (   +0.00)             0 (       0)              (a,ar) Expr13_from --> Expr13_to
##>                                  END            78134349385 (+78.97)       39.10 (-5762.90)             0 (       0)           0  
##>                                  END            55635868075 (+110.19)    -1432.10 (-4307.20)         50884 (   50884)           0  
##>createMaxCarrySave              START            55635868075 ( +0.00)    -1432.10 (   +0.00)         50884 (       0)              
##> datapath_rewrite_one_def       START            55635868075 ( +0.00)    -1432.10 (   +0.00)         50884 (       0)              
##>                                  END            55635868075 ( +0.00)    -1432.10 (   +0.00)         50884 (       0)           0  
##> speculate_in_gdef              START            55635868075 ( +0.00)    -1432.10 (   +0.00)         50884 (       0)              
##>  pre_speculate_mux_merge       START            55635868075 ( +0.00)    -1432.10 (   +0.00)         50884 (       0)              
##>                                  END            55635868075 ( +0.00)    -1432.10 (   +0.00)         50884 (       0)           0  
##>                                  END            55635868075 ( +0.00)    -1432.10 (   +0.00)         50884 (       0)           0  
##> csa_opto                       START            55635868075 ( +0.00)    -1432.10 (   +0.00)         50884 (       0)              
##>                                  END            21209148200 (-61.88)     6739.70 (+8171.80)             0 (  -50884)           0  
##>                                  END            21209148200 (-61.88)     6739.70 (+8171.80)             0 (  -50884)           0  
##>canonicalize_by_names           START            21209148200 ( +0.00)     6739.70 (   +0.00)             0 (       0)              
##>                                  END            21209148200 ( +0.00)     6739.70 (   +0.00)             0 (       0)           0  
##>datapath_rewrite_post_csa_one_  START            21209148200 ( +0.00)     6739.70 (   +0.00)             0 (       0)              
##>                                  END            21209148200 ( +0.00)     6739.70 (   +0.00)             0 (       0)           0  
##>datapath_csa_factoring_one_gde  START            21209148200 ( +0.00)     6739.70 (   +0.00)             0 (       0)              
##>                                  END            21209148200 ( +0.00)     6739.70 (   +0.00)             0 (       0)           0  
##>dpopt_share_one_def             START            21209148200 ( +0.00)     6739.70 (   +0.00)             0 (       0)              
##>                                  END            21209148200 ( +0.00)     6739.70 (   +0.00)             0 (       0)           0  
##>datapath_rewrite_post_share     START            21209148200 ( +0.00)     6739.70 (   +0.00)             0 (       0)              
##>                                  END            21209148200 ( +0.00)     6739.70 (   +0.00)             0 (       0)           0  
##>dp_combine_const_mult_with_com  START            21209148200 ( +0.00)     6739.70 (   +0.00)             0 (       0)              
##>                                  END            21209148200 ( +0.00)     6739.70 (   +0.00)             0 (       0)           0  
##>speculate_in_gdef               START            21209148200 ( +0.00)     6739.70 (   +0.00)             0 (       0)              
##> pre_speculate_mux_merge        START            21209148200 ( +0.00)     6739.70 (   +0.00)             0 (       0)              
##>                                  END            21209148200 ( +0.00)     6739.70 (   +0.00)             0 (       0)           0  
##>                                  END            21209148200 ( +0.00)     6739.70 (   +0.00)             0 (       0)           0  
##>dp_operator_level_decompositio  START            21209148200 ( +0.00)     6739.70 (   +0.00)             0 (       0)              
##>                                  END            21209148200 ( +0.00)     6739.70 (   +0.00)             0 (       0)           0  
##>selective_flatten_dp_config     START            21209148200 ( +0.00)     6739.70 (   +0.00)             0 (       0)              
##>                                  END            21209148200 ( +0.00)     6739.70 (   +0.00)             0 (       0)           0  
##>createMaxCarrySave              START            21209148200 ( +0.00)     6739.70 (   +0.00)             0 (       0)              
##> datapath_rewrite_one_def       START            21209148200 ( +0.00)     6739.70 (   +0.00)             0 (       0)              
##>  fast_cse_elim                 START            21209148200 ( +0.00)     6739.70 (   +0.00)             0 (       0)              
##>                                  END            21209148200 ( +0.00)     6739.70 (   +0.00)             0 (       0)           0  
##>  fast_cse_elim                 START            21209148200 ( +0.00)     6739.70 (   +0.00)             0 (       0)              
##>                                  END            21209148200 ( +0.00)     6739.70 (   +0.00)             0 (       0)           0  
##>                                  END            21209148200 ( +0.00)     6739.70 (   +0.00)             0 (       0)           0  
##> speculate_in_gdef              START            21209148200 ( +0.00)     6739.70 (   +0.00)             0 (       0)              
##>  pre_speculate_mux_merge       START            21209148200 ( +0.00)     6739.70 (   +0.00)             0 (       0)              
##>                                  END            21209148200 ( +0.00)     6739.70 (   +0.00)             0 (       0)           0  
##>                                  END            21209148200 ( +0.00)     6739.70 (   +0.00)             0 (       0)           0  
##> csa_opto                       START            21209148200 ( +0.00)     6739.70 (   +0.00)             0 (       0)              
##>                                  END            21209148200 ( +0.00)     6739.70 (   +0.00)             0 (       0)           0  
##>                                  END            21209148200 ( +0.00)     6739.70 (   +0.00)             0 (       0)           0  
##>context_based_simplify          START            21178631440 ( -0.14)     6739.70 (   +0.00)             0 (       0)              
##>                                  END            21178631440 ( +0.00)     6739.70 (   +0.00)             0 (       0)           0  
##>group_csa_final_adder_dp        START            21178631440 ( +0.00)     6739.70 (   +0.00)             0 (       0)              
##>                                  END            25233545925 (+19.15)     6705.50 (  -34.20)             0 (       0)           0  
##>dpopt_flatten_critical_muxes_i  START            25233545925 ( +0.00)     6705.50 (   +0.00)             0 (       0)              
##>                                  END            25233545925 ( +0.00)     6705.50 (   +0.00)             0 (       0)           0  
##>speculate_in_gdef               START            25233545925 ( +0.00)     6705.50 (   +0.00)             0 (       0)              
##> pre_speculate_mux_merge        START            25233545925 ( +0.00)     6705.50 (   +0.00)             0 (       0)              
##>                                  END            25233545925 ( +0.00)     6705.50 (   +0.00)             0 (       0)           0  
##>                                  END            25233545925 ( +0.00)     6705.50 (   +0.00)             0 (       0)           0  
##>create_score                    START            21178631440 (-16.07)     6730.70 (  +25.20)             0 (       0)              
##>                                  END            21178631440 ( +0.00)     6730.70 (   +0.00)             0 (       0)           0  
##>+------------------------------------------------------------------------------------------------------------------------------------------------------------+
Committed config: CDN_DP_region_8_0_c7
          Optimizations applied to 'very_fast' configuration:
            rewriting(0), factoring(0), sharing(0), cmultcse(0), downsizing(0), speculation(0)
CSAGen Prep Share:0 Re-Write:0 Speculation: 0
MaxCSA: Successfully built Maximal CSA Expression Expr14
CDN_DP_region_31_0 level = 0 loads = 0 drivers = 0
CDN_DP_region_31_0_c0 in wallace_stage4: area: 2746508400 ,dp = 1 mux = 0 sg = slow         worst_clk_period: -1.0000 
    wns: 0  norm_wns:  -1.0000 
    fail_endp: -1 
    tns:  0  tns_per_endp:  -1.0000   norm_tns_per_endp:  -1.0000 
    tns_sense_max:  -1.0000  tns_sense_avg:  -1.0000   tns_sense_num: -1
 skipped
CDN_DP_region_31_0_c1 in wallace_stage4: area: 2746508400 ,dp = 1 mux = 0 sg = fast         worst_clk_period: -1.0000 
    wns: 0  norm_wns:  -1.0000 
    fail_endp: -1 
    tns:  0  tns_per_endp:  -1.0000   norm_tns_per_endp:  -1.0000 
    tns_sense_max:  -1.0000  tns_sense_avg:  -1.0000   tns_sense_num: -1
 is current best
CDN_DP_region_31_0_c2 in wallace_stage4: area: 2746508400 ,dp = 1 mux = 0 sg = very_slow    worst_clk_period: -1.0000 
    wns: 0  norm_wns:  -1.0000 
    fail_endp: -1 
    tns:  0  tns_per_endp:  -1.0000   norm_tns_per_endp:  -1.0000 
    tns_sense_max:  -1.0000  tns_sense_avg:  -1.0000   tns_sense_num: -1
 is current best
CDN_DP_region_31_0_c3 in wallace_stage4: area: 2746508400 ,dp = 1 mux = 0 sg = very_fast    worst_clk_period: -1.0000 
    wns: 0  norm_wns:  -1.0000 
    fail_endp: -1 
    tns:  0  tns_per_endp:  -1.0000   norm_tns_per_endp:  -1.0000 
    tns_sense_max:  -1.0000  tns_sense_avg:  -1.0000   tns_sense_num: -1
 is current best
CDN_DP_region_31_0_c4 in wallace_stage4: area: 2746508400 ,dp = 1 mux = 0 sg = very_fast    worst_clk_period: -1.0000 
    wns: 0  norm_wns:  -1.0000 
    fail_endp: -1 
    tns:  0  tns_per_endp:  -1.0000   norm_tns_per_endp:  -1.0000 
    tns_sense_max:  -1.0000  tns_sense_avg:  -1.0000   tns_sense_num: -1
 is current best
CDN_DP_region_31_0_c5 in wallace_stage4: area: 2746508400 ,dp = 1 mux = 0 sg = very_fast    worst_clk_period: -1.0000 
    wns: 0  norm_wns:  -1.0000 
    fail_endp: -1 
    tns:  0  tns_per_endp:  -1.0000   norm_tns_per_endp:  -1.0000 
    tns_sense_max:  -1.0000  tns_sense_avg:  -1.0000   tns_sense_num: -1
 is current best
CDN_DP_region_31_0_c6 in wallace_stage4: area: 2746508400 ,dp = 1 mux = 0 sg = very_fast    worst_clk_period: -1.0000 
    wns: 0  norm_wns:  -1.0000 
    fail_endp: -1 
    tns:  0  tns_per_endp:  -1.0000   norm_tns_per_endp:  -1.0000 
    tns_sense_max:  -1.0000  tns_sense_avg:  -1.0000   tns_sense_num: -1
 is current best
CDN_DP_region_31_0_c7 in wallace_stage4: area: 2746508400 ,dp = 1 mux = 0 sg = very_fast    worst_clk_period: -1.0000 
    wns: 0  norm_wns:  -1.0000 
    fail_endp: -1 
    tns:  0  tns_per_endp:  -1.0000   norm_tns_per_endp:  -1.0000 
    tns_sense_max:  -1.0000  tns_sense_avg:  -1.0000   tns_sense_num: -1
 is current best
Best config: CDN_DP_region_31_0_c7 in wallace_stage4: area: 2746508400 ,dp = 1 mux = 0 sg = very_fast    worst_clk_period: -1.0000 
    wns: 0  norm_wns:  -1.0000 
    fail_endp: -1 
    tns:  0  tns_per_endp:  -1.0000   norm_tns_per_endp:  -1.0000 
    tns_sense_max:  -1.0000  tns_sense_avg:  -1.0000   tns_sense_num: -1
  Smallest config area : 2746508400.  Fastest config wns;  0
##>+----------------------------------------------------------------------------------------------------------------------------------------------------------------+
##>Summary table of configs (Best config is CDN_DP_region_31_0_c7)
##>+----------------------------------------------------------------------------------------------------------------------------------------------------------------+
##>                     0                  1                  2                  3                  4                  5                  6                  7            
##>+----------------------------------------------------------------------------------------------------------------------------------------------------------------+
##>           Area       2746508400         2746508400         2746508400         2746508400         2746508400         2746508400         2746508400         2746508400  
##>            WNS         +7521.40           +7521.40           +7521.40           +7521.40           +7521.40           +7521.40           +7521.40           +7521.40  
##>            TNS                0                  0                  0                  0                  0                  0                  0                  0  
##>    Num Rewrite                0                  0                  0                  0                  0                  0                  0                  0  
##>     Num Factor                0                  0                  0                  0                  0                  0                  0                  0  
##>      Num Share                0                  0                  0                  0                  0                  0                  0                  0  
##>   Num CmultCse                0                  0                  0                  0                  0                  0                  0                  0  
##>   Num Downsize                0                  0                  0                  0                  0                  0                  0                  0  
##>  Num Speculate                0                  0                  0                  0                  0                  0                  0                  0  
##>     Runtime(s)                0                  0                  0                  0                  0                  0                  0                  0  
+----------------------------------------------------------------------------------------------------------------------------------------------------------------+
##>
##>
##>+------------------------------------------------------------------------------------------------------------------------------------------------------------+
##>Optimization Step DEBUG Table for config CDN_DP_region_31_0_c7
##>
##>                          Step                        Area   ( % Chg)        WNS (Change)        TNS (Change)          Runtime (s)        Comment                   
##>+------------------------------------------------------------------------------------------------------------------------------------------------------------+
##>EquationExtraction              START             2746508400 (      )     7521.40 (        )             0 (        )              
##> rewrite                        START             5695190335 (+107.36)     7489.60 (  -31.80)             0 (       0)              (a,ar) Expr14_from --> Expr14_to
##>                                  END             8460771710 (+48.56)     7489.60 (   +0.00)             0 (       0)           0  
##>                                  END             2746508400 ( +0.00)     7521.40 (   +0.00)             0 (       0)           0  
##>createMaxCarrySave              START             2746508400 ( +0.00)     7521.40 (   +0.00)             0 (       0)              
##> datapath_rewrite_one_def       START             2746508400 ( +0.00)     7521.40 (   +0.00)             0 (       0)              
##>                                  END             2746508400 ( +0.00)     7521.40 (   +0.00)             0 (       0)           0  
##> csa_opto                       START             2746508400 ( +0.00)     7521.40 (   +0.00)             0 (       0)              
##>                                  END             2746508400 ( +0.00)     7521.40 (   +0.00)             0 (       0)           0  
##>                                  END             2746508400 ( +0.00)     7521.40 (   +0.00)             0 (       0)           0  
##>canonicalize_by_names           START             2746508400 ( +0.00)     7521.40 (   +0.00)             0 (       0)              
##>                                  END             2746508400 ( +0.00)     7521.40 (   +0.00)             0 (       0)           0  
##>datapath_rewrite_post_csa_one_  START             2746508400 ( +0.00)     7521.40 (   +0.00)             0 (       0)              
##>                                  END             2746508400 ( +0.00)     7521.40 (   +0.00)             0 (       0)           0  
##>datapath_csa_factoring_one_gde  START             2746508400 ( +0.00)     7521.40 (   +0.00)             0 (       0)              
##>                                  END             2746508400 ( +0.00)     7521.40 (   +0.00)             0 (       0)           0  
##>dpopt_share_one_def             START             2746508400 ( +0.00)     7521.40 (   +0.00)             0 (       0)              
##>                                  END             2746508400 ( +0.00)     7521.40 (   +0.00)             0 (       0)           0  
##>datapath_rewrite_post_share     START             2746508400 ( +0.00)     7521.40 (   +0.00)             0 (       0)              
##>                                  END             2746508400 ( +0.00)     7521.40 (   +0.00)             0 (       0)           0  
##>dp_combine_const_mult_with_com  START             2746508400 ( +0.00)     7521.40 (   +0.00)             0 (       0)              
##>                                  END             2746508400 ( +0.00)     7521.40 (   +0.00)             0 (       0)           0  
##>dp_operator_level_decompositio  START             2746508400 ( +0.00)     7521.40 (   +0.00)             0 (       0)              
##>                                  END             2746508400 ( +0.00)     7521.40 (   +0.00)             0 (       0)           0  
##>selective_flatten_dp_config     START             2746508400 ( +0.00)     7521.40 (   +0.00)             0 (       0)              
##>                                  END             2746508400 ( +0.00)     7521.40 (   +0.00)             0 (       0)           0  
##>createMaxCarrySave              START             2746508400 ( +0.00)     7521.40 (   +0.00)             0 (       0)              
##> datapath_rewrite_one_def       START             2746508400 ( +0.00)     7521.40 (   +0.00)             0 (       0)              
##>  fast_cse_elim                 START             2746508400 ( +0.00)     7521.40 (   +0.00)             0 (       0)              
##>                                  END             2746508400 ( +0.00)     7521.40 (   +0.00)             0 (       0)           0  
##>  fast_cse_elim                 START             2746508400 ( +0.00)     7521.40 (   +0.00)             0 (       0)              
##>                                  END             2746508400 ( +0.00)     7521.40 (   +0.00)             0 (       0)           0  
##>                                  END             2746508400 ( +0.00)     7521.40 (   +0.00)             0 (       0)           0  
##> csa_opto                       START             2746508400 ( +0.00)     7521.40 (   +0.00)             0 (       0)              
##>                                  END             2746508400 ( +0.00)     7521.40 (   +0.00)             0 (       0)           0  
##>                                  END             2746508400 ( +0.00)     7521.40 (   +0.00)             0 (       0)           0  
##>context_based_simplify          START             2746508400 ( +0.00)     7521.40 (   +0.00)             0 (       0)              
##>                                  END             2746508400 ( +0.00)     7521.40 (   +0.00)             0 (       0)           0  
##>group_csa_final_adder_dp        START             2746508400 ( +0.00)     7521.40 (   +0.00)             0 (       0)              
##>                                  END             2746508400 ( +0.00)     7521.40 (   +0.00)             0 (       0)           0  
##>dpopt_flatten_critical_muxes_i  START             2746508400 ( +0.00)     7521.40 (   +0.00)             0 (       0)              
##>                                  END             2746508400 ( +0.00)     7521.40 (   +0.00)             0 (       0)           0  
##>create_score                    START             2746508400 ( +0.00)     7521.40 (   +0.00)             0 (       0)              
##>                                  END             2746508400 ( +0.00)     7521.40 (   +0.00)             0 (       0)           0  
##>+------------------------------------------------------------------------------------------------------------------------------------------------------------+
Committed config: CDN_DP_region_31_0_c7
          Optimizations applied to 'very_fast' configuration:
            rewriting(0), factoring(0), sharing(0), cmultcse(0), downsizing(0), speculation(0)
CSAGen Prep Share:0 Re-Write:0 Speculation: 0
MaxCSA: Successfully built Maximal CSA Expression Expr15
MaxCSA: Successfully built Maximal CSA Expression Expr16
CDN_DP_region_5_0 level = 0 loads = 0 drivers = 0
CDN_DP_region_5_0_c0 in booth_encoder: area: 26469474705 ,dp = 9 mux = 23 sg = slow         worst_clk_period: -1.0000 
    wns: 0  norm_wns:  -1.0000 
    fail_endp: -1 
    tns:  0  tns_per_endp:  -1.0000   norm_tns_per_endp:  -1.0000 
    tns_sense_max:  -1.0000  tns_sense_avg:  -1.0000   tns_sense_num: -1
 skipped
CDN_DP_region_5_0_c1 in booth_encoder: area: 21178631440 ,dp = 2 mux = 24 sg = fast         worst_clk_period: -1.0000 
    wns: 0  norm_wns:  -1.0000 
    fail_endp: -1 
    tns:  0  tns_per_endp:  -1.0000   norm_tns_per_endp:  -1.0000 
    tns_sense_max:  -1.0000  tns_sense_avg:  -1.0000   tns_sense_num: -1
 is current best
CDN_DP_region_5_0_c2 in booth_encoder: area: 21178631440 ,dp = 2 mux = 24 sg = very_slow    worst_clk_period: -1.0000 
    wns: 0  norm_wns:  -1.0000 
    fail_endp: -1 
    tns:  0  tns_per_endp:  -1.0000   norm_tns_per_endp:  -1.0000 
    tns_sense_max:  -1.0000  tns_sense_avg:  -1.0000   tns_sense_num: -1
 is current best
CDN_DP_region_5_0_c3 in booth_encoder: area: 21178631440 ,dp = 2 mux = 24 sg = very_fast    worst_clk_period: -1.0000 
    wns: 0  norm_wns:  -1.0000 
    fail_endp: -1 
    tns:  0  tns_per_endp:  -1.0000   norm_tns_per_endp:  -1.0000 
    tns_sense_max:  -1.0000  tns_sense_avg:  -1.0000   tns_sense_num: -1
 is current best
CDN_DP_region_5_0_c4 in booth_encoder: area: 21178631440 ,dp = 2 mux = 24 sg = very_fast    worst_clk_period: -1.0000 
    wns: 0  norm_wns:  -1.0000 
    fail_endp: -1 
    tns:  0  tns_per_endp:  -1.0000   norm_tns_per_endp:  -1.0000 
    tns_sense_max:  -1.0000  tns_sense_avg:  -1.0000   tns_sense_num: -1
 is current best
CDN_DP_region_5_0_c5 in booth_encoder: area: 21178631440 ,dp = 2 mux = 24 sg = very_fast    worst_clk_period: -1.0000 
    wns: 0  norm_wns:  -1.0000 
    fail_endp: -1 
    tns:  0  tns_per_endp:  -1.0000   norm_tns_per_endp:  -1.0000 
    tns_sense_max:  -1.0000  tns_sense_avg:  -1.0000   tns_sense_num: -1
 is current best
CDN_DP_region_5_0_c6 in booth_encoder: area: 21178631440 ,dp = 2 mux = 24 sg = very_fast    worst_clk_period: -1.0000 
    wns: 0  norm_wns:  -1.0000 
    fail_endp: -1 
    tns:  0  tns_per_endp:  -1.0000   norm_tns_per_endp:  -1.0000 
    tns_sense_max:  -1.0000  tns_sense_avg:  -1.0000   tns_sense_num: -1
 is current best
CDN_DP_region_5_0_c7 in booth_encoder: area: 21178631440 ,dp = 2 mux = 24 sg = very_fast    worst_clk_period: -1.0000 
    wns: 0  norm_wns:  -1.0000 
    fail_endp: -1 
    tns:  0  tns_per_endp:  -1.0000   norm_tns_per_endp:  -1.0000 
    tns_sense_max:  -1.0000  tns_sense_avg:  -1.0000   tns_sense_num: -1
 is current best
Best config: CDN_DP_region_5_0_c7 in booth_encoder: area: 21178631440 ,dp = 2 mux = 24 sg = very_fast    worst_clk_period: -1.0000 
    wns: 0  norm_wns:  -1.0000 
    fail_endp: -1 
    tns:  0  tns_per_endp:  -1.0000   norm_tns_per_endp:  -1.0000 
    tns_sense_max:  -1.0000  tns_sense_avg:  -1.0000   tns_sense_num: -1
  Smallest config area : 21178631440.  Fastest config wns;  0
##>+----------------------------------------------------------------------------------------------------------------------------------------------------------------+
##>Summary table of configs (Best config is CDN_DP_region_5_0_c7)
##>+----------------------------------------------------------------------------------------------------------------------------------------------------------------+
##>                     0                  1                  2                  3                  4                  5                  6                  7            
##>+----------------------------------------------------------------------------------------------------------------------------------------------------------------+
##>           Area      26469474705        21178631440        21178631440        21178631440        21178631440        21178631440        21178631440        21178631440  
##>            WNS         +2875.10           +6730.70           +6730.70           +6730.70           +6730.70           +6730.70           +6730.70           +6730.70  
##>            TNS                0                  0                  0                  0                  0                  0                  0                  0  
##>    Num Rewrite                0                  0                  0                  0                  0                  0                  0                  0  
##>     Num Factor                0                  0                  0                  0                  0                  0                  0                  0  
##>      Num Share                0                  0                  0                  0                  0                  0                  0                  0  
##>   Num CmultCse                0                  0                  0                  0                  0                  0                  0                  0  
##>   Num Downsize                0                  0                  0                  0                  0                  0                  0                  0  
##>  Num Speculate                0                  0                  0                  0                  0                  0                  0                  0  
##>     Runtime(s)                0                  0                  0                  0                  0                  0                  0                  1  
+----------------------------------------------------------------------------------------------------------------------------------------------------------------+
##>
##>
##>+------------------------------------------------------------------------------------------------------------------------------------------------------------+
##>Optimization Step DEBUG Table for config CDN_DP_region_5_0_c7
##>
##>                          Step                        Area   ( % Chg)        WNS (Change)        TNS (Change)          Runtime (s)        Comment                   
##>+------------------------------------------------------------------------------------------------------------------------------------------------------------+
##>EquationExtraction              START            26469474705 (      )     2875.10 (        )             0 (        )              
##> rewrite                        START            38149764595 (+44.13)     5802.00 (+2926.90)             0 (       0)              (a,ar) Expr15_from --> Expr15_to
##>                                  END            43658039775 (+14.44)     5802.00 (   +0.00)             0 (       0)           0  
##> rewrite                        START            43658039775 ( +0.00)     5802.00 (   +0.00)             0 (       0)              (a,ar) Expr16_from --> Expr16_to
##>                                  END            78134349385 (+78.97)       39.10 (-5762.90)             0 (       0)           0  
##>                                  END            55635868075 (+110.19)    -1432.10 (-4307.20)         50884 (   50884)           0  
##>createMaxCarrySave              START            55635868075 ( +0.00)    -1432.10 (   +0.00)         50884 (       0)              
##> datapath_rewrite_one_def       START            55635868075 ( +0.00)    -1432.10 (   +0.00)         50884 (       0)              
##>                                  END            55635868075 ( +0.00)    -1432.10 (   +0.00)         50884 (       0)           0  
##> speculate_in_gdef              START            55635868075 ( +0.00)    -1432.10 (   +0.00)         50884 (       0)              
##>  pre_speculate_mux_merge       START            55635868075 ( +0.00)    -1432.10 (   +0.00)         50884 (       0)              
##>                                  END            55635868075 ( +0.00)    -1432.10 (   +0.00)         50884 (       0)           0  
##>                                  END            55635868075 ( +0.00)    -1432.10 (   +0.00)         50884 (       0)           0  
##> csa_opto                       START            55635868075 ( +0.00)    -1432.10 (   +0.00)         50884 (       0)              
##>                                  END            21209148200 (-61.88)     6739.70 (+8171.80)             0 (  -50884)           0  
##>                                  END            21209148200 (-61.88)     6739.70 (+8171.80)             0 (  -50884)           0  
##>canonicalize_by_names           START            21209148200 ( +0.00)     6739.70 (   +0.00)             0 (       0)              
##>                                  END            21209148200 ( +0.00)     6739.70 (   +0.00)             0 (       0)           0  
##>datapath_rewrite_post_csa_one_  START            21209148200 ( +0.00)     6739.70 (   +0.00)             0 (       0)              
##>                                  END            21209148200 ( +0.00)     6739.70 (   +0.00)             0 (       0)           0  
##>datapath_csa_factoring_one_gde  START            21209148200 ( +0.00)     6739.70 (   +0.00)             0 (       0)              
##>                                  END            21209148200 ( +0.00)     6739.70 (   +0.00)             0 (       0)           0  
##>dpopt_share_one_def             START            21209148200 ( +0.00)     6739.70 (   +0.00)             0 (       0)              
##>                                  END            21209148200 ( +0.00)     6739.70 (   +0.00)             0 (       0)           0  
##>datapath_rewrite_post_share     START            21209148200 ( +0.00)     6739.70 (   +0.00)             0 (       0)              
##>                                  END            21209148200 ( +0.00)     6739.70 (   +0.00)             0 (       0)           0  
##>dp_combine_const_mult_with_com  START            21209148200 ( +0.00)     6739.70 (   +0.00)             0 (       0)              
##>                                  END            21209148200 ( +0.00)     6739.70 (   +0.00)             0 (       0)           0  
##>speculate_in_gdef               START            21209148200 ( +0.00)     6739.70 (   +0.00)             0 (       0)              
##> pre_speculate_mux_merge        START            21209148200 ( +0.00)     6739.70 (   +0.00)             0 (       0)              
##>                                  END            21209148200 ( +0.00)     6739.70 (   +0.00)             0 (       0)           0  
##>                                  END            21209148200 ( +0.00)     6739.70 (   +0.00)             0 (       0)           0  
##>dp_operator_level_decompositio  START            21209148200 ( +0.00)     6739.70 (   +0.00)             0 (       0)              
##>                                  END            21209148200 ( +0.00)     6739.70 (   +0.00)             0 (       0)           0  
##>selective_flatten_dp_config     START            21209148200 ( +0.00)     6739.70 (   +0.00)             0 (       0)              
##>                                  END            21209148200 ( +0.00)     6739.70 (   +0.00)             0 (       0)           0  
##>createMaxCarrySave              START            21209148200 ( +0.00)     6739.70 (   +0.00)             0 (       0)              
##> datapath_rewrite_one_def       START            21209148200 ( +0.00)     6739.70 (   +0.00)             0 (       0)              
##>  fast_cse_elim                 START            21209148200 ( +0.00)     6739.70 (   +0.00)             0 (       0)              
##>                                  END            21209148200 ( +0.00)     6739.70 (   +0.00)             0 (       0)           0  
##>  fast_cse_elim                 START            21209148200 ( +0.00)     6739.70 (   +0.00)             0 (       0)              
##>                                  END            21209148200 ( +0.00)     6739.70 (   +0.00)             0 (       0)           0  
##>                                  END            21209148200 ( +0.00)     6739.70 (   +0.00)             0 (       0)           0  
##> speculate_in_gdef              START            21209148200 ( +0.00)     6739.70 (   +0.00)             0 (       0)              
##>  pre_speculate_mux_merge       START            21209148200 ( +0.00)     6739.70 (   +0.00)             0 (       0)              
##>                                  END            21209148200 ( +0.00)     6739.70 (   +0.00)             0 (       0)           0  
##>                                  END            21209148200 ( +0.00)     6739.70 (   +0.00)             0 (       0)           0  
##> csa_opto                       START            21209148200 ( +0.00)     6739.70 (   +0.00)             0 (       0)              
##>                                  END            21209148200 ( +0.00)     6739.70 (   +0.00)             0 (       0)           0  
##>                                  END            21209148200 ( +0.00)     6739.70 (   +0.00)             0 (       0)           0  
##>context_based_simplify          START            21178631440 ( -0.14)     6739.70 (   +0.00)             0 (       0)              
##>                                  END            21178631440 ( +0.00)     6739.70 (   +0.00)             0 (       0)           0  
##>group_csa_final_adder_dp        START            21178631440 ( +0.00)     6739.70 (   +0.00)             0 (       0)              
##>                                  END            25233545925 (+19.15)     6705.50 (  -34.20)             0 (       0)           0  
##>dpopt_flatten_critical_muxes_i  START            25233545925 ( +0.00)     6705.50 (   +0.00)             0 (       0)              
##>                                  END            25233545925 ( +0.00)     6705.50 (   +0.00)             0 (       0)           0  
##>speculate_in_gdef               START            25233545925 ( +0.00)     6705.50 (   +0.00)             0 (       0)              
##> pre_speculate_mux_merge        START            25233545925 ( +0.00)     6705.50 (   +0.00)             0 (       0)              
##>                                  END            25233545925 ( +0.00)     6705.50 (   +0.00)             0 (       0)           0  
##>                                  END            25233545925 ( +0.00)     6705.50 (   +0.00)             0 (       0)           0  
##>create_score                    START            21178631440 (-16.07)     6730.70 (  +25.20)             0 (       0)              
##>                                  END            21178631440 ( +0.00)     6730.70 (   +0.00)             0 (       0)           0  
##>+------------------------------------------------------------------------------------------------------------------------------------------------------------+
Committed config: CDN_DP_region_5_0_c7
          Optimizations applied to 'very_fast' configuration:
            rewriting(0), factoring(0), sharing(0), cmultcse(0), downsizing(0), speculation(0)
Number of big hc bmuxes after = 0
Starting logic reduction [v1.0] (stage: post_rtlopt, startdef: mac_system_top, recur: true)
Completed logic reduction (accepts: 0, rejects: 0, runtime: 0.000s)
Starting mux data reorder optimization [v1.0] (stage: post_rtlopt, startdef: mac_system_top, recur: true)
Completed mux data reorder optimization (accepts: 0, rejects: 0, runtime: 0.001s)

Stage: post_rtlopt
----------------------------------------------------------
| Transform           | Accepts | Rejects | Runtime (ms) | 
----------------------------------------------------------
| hlo_logic_reduction |       0 |       0 |         0.00 | 
| hlo_mux_reorder     |       0 |       0 |         1.00 | 
----------------------------------------------------------
Starting mux speculation [v1.0] (stage: post_muxopt, startdef: mac_system_top, recur: true)
Starting speculation optimization
Completed speculation optimization (accepts:0)
Completed mux speculation (accepts: 0, rejects: 0, runtime: 0.332s)

Stage: post_muxopt
------------------------------------------------------
| Transform       | Accepts | Rejects | Runtime (ms) | 
------------------------------------------------------
| hlo_speculation |       0 |       0 |       332.00 | 
------------------------------------------------------
==================================
Stage : to_generic 
==================================
  =================
   Message Summary
  =================
--------------------------------------------------------------------------------
|    Id    |  Sev   |Count |                   Message Text                    |
--------------------------------------------------------------------------------
| CDFG-250 |Info    |    1 |Processing multi-dimensional arrays.               |
| CDFG-372 |Info    |    5 |Bitwidth mismatch in assignment.                   |
|          |        |      |Review and make sure the mismatch is               |
|          |        |      | unintentional. Genus can possibly issue bitwidth  |
|          |        |      | mismatch warning for explicit assignments present |
|          |        |      | in RTL as-well-as for implicit assignments        |
|          |        |      | inferred by the tool. For example, in case of     |
|          |        |      | enum declaration without value, the tool will     |
|          |        |      | implicitly assign value to the enum variables. It |
|          |        |      | also issues the warning for any bitwidth mismatch |
|          |        |      | that appears in this implicit assignment.         |
| CDFG-373 |Info    |    9 |Sign mismatch in assignment.                       |
| CDFG-500 |Info    |    1 |Unused module input port.                          |
|          |        |      |(In port definition within the module, the input p |
|          |        |      | ort is not used in any assignment statements or   |
|          |        |      | conditional expressions for decision statements.  |
| CDFG-508 |Warning |    5 |Removing unused register.                          |
|          |        |      |Genus removes the flip-flop or latch inferred for  |
|          |        |      | an unused signal or variable. To preserve the     |
|          |        |      | flip-flop or latch, set the                       |
|          |        |      | hdl_preserve_unused_registers attribute to true   |
|          |        |      | or use a pragma in the RTL.                       |
| CDFG-738 |Info    |    2 |Common subexpression eliminated.                   |
| CDFG-739 |Info    |    2 |Common subexpression kept.                         |
| CWD-19   |Info    |  214 |An implementation was inferred.                    |
| DPOPT-1  |Info    |    1 |Optimizing datapath logic.                         |
| DPOPT-2  |Info    |    1 |Done optimizing datapath logic.                    |
| DPOPT-3  |Info    |   14 |Implementing datapath configurations.              |
| DPOPT-4  |Info    |   14 |Done implementing datapath configurations.         |
| DPOPT-6  |Info    |    1 |Pre-processed datapath logic.                      |
| ELAB-1   |Info    |    1 |Elaborating Design.                                |
| ELAB-2   |Info    |   11 |Elaborating Subdesign.                             |
| ELAB-3   |Info    |    1 |Done Elaborating Design.                           |
| GLO-12   |Info    |  253 |Replacing a flip-flop with a logic constant 0.     |
|          |        |      |To prevent this optimization, set the              |
|          |        |      | 'optimize_constant_0_flops' root attribute to     |
|          |        |      | 'false' or 'optimize_constant_0_seq' instance     |
|          |        |      | attribute to 'false'. You can also see the        |
|          |        |      | complete list of deleted sequential with command  |
|          |        |      | 'report sequential -deleted'                      |
|          |        |      | (on Reason 'constant0').                          |
| GLO-34   |Info    |    3 |Deleting instances not driving any primary         |
|          |        |      | outputs.                                          |
|          |        |      |Optimizations such as constant propagation or      |
|          |        |      | redundancy removal could change the connections   |
|          |        |      | so a hierarchical instance does not drive any     |
|          |        |      | primary outputs anymore. To see the list of       |
|          |        |      | deleted hierarchical instances, set the           |
|          |        |      | 'information_level' attribute to 2 or above. If   |
|          |        |      | the message is truncated set the message          |
|          |        |      | attribute 'truncate' to false to see the complete |
|          |        |      | list. To prevent this optimization, set the       |
|          |        |      | 'delete_unloaded_insts' root/subdesign attribute  |
|          |        |      | to 'false' or 'preserve' instance attribute to    |
|          |        |      | 'true'.                                           |
| GLO-42   |Info    |   66 |Equivalent sequential instances have been merged.  |
|          |        |      |To prevent merging of sequential instances, set    |
|          |        |      | the 'optimize_merge_flops' and                    |
|          |        |      | 'optimize_merge_latches' root attributes to       |
|          |        |      | 'false' or the 'optimize_merge_seq' instance      |
|          |        |      | attribute to 'false'.                             |
| LBR-22   |Warning |  479 |Multiply-defined library cell.                     |
|          |        |      |Library cell names must be unique.  Any duplicates |
|          |        |      | will be deleted.  Only the first                  |
|          |        |      | (as determined by the order of libraries)         |
|          |        |      | will be retained.                                 |
| LBR-38   |Warning |    1 |Libraries have inconsistent nominal operating      |
|          |        |      | conditions. In the Liberty library, there are     |
|          |        |      | attributes called nom_voltage, nom_process and    |
|          |        |      | nom_temperature. Genus reports the message, if    |
|          |        |      | the respective values of the 2 given .libs        |
|          |        |      | differ.                                           |
|          |        |      |This is a common source of delay calculation       |
|          |        |      | confusion and should be avoided.                  |
| LBR-41   |Info    |    2 |An output library pin lacks a function attribute.  |
|          |        |      |If the remainder of this library cell's semantic   |
|          |        |      | checks are successful, it will be considered as a |
|          |        |      | timing-model                                      |
|          |        |      | (because one of its outputs does not have a valid |
|          |        |      | function.                                         |
| LBR-155  |Info    |  372 |Mismatch in unateness between 'timing_sense'       |
|          |        |      | attribute and the function.                       |
|          |        |      |The 'timing_sense' attribute will be respected.    |
| LBR-161  |Info    |    1 |Setting the maximum print count of this message to |
|          |        |      | 10 if information_level is less than 9.           |
| LBR-162  |Info    |  124 |Both 'pos_unate' and 'neg_unate' timing_sense arcs |
|          |        |      | have been processed.                              |
|          |        |      |Setting the 'timing_sense' to non_unate.           |
| LBR-170  |Info    |   48 |Ignoring specified timing sense.                   |
|          |        |      |Timing sense should never be set with              |
|          |        |      | 'rising_edge' or 'falling_edge' timing type.      |
| LBR-412  |Info    |    2 |Created nominal operating condition.               |
|          |        |      |The nominal operating condition is represented,    |
|          |        |      | either by the nominal PVT values specified in the |
|          |        |      | library source                                    |
|          |        |      | (via nom_process,nom_voltage and nom_temperature  |
|          |        |      | respectively)                                     |
|          |        |      | , or by the default PVT values (1.0,1.0,1.0).     |
| LBR-516  |Info    |    2 |Missing library level attribute.                   |
| LBR-518  |Info    |    2 |Missing a function attribute in the output pin     |
|          |        |      | definition.                                       |
| LBR-785  |Info    |  479 |Stored shadowed libcells.                          |
|          |        |      |Before deleting duplicate libcells, their names    |
|          |        |      | are stored.                                       |
| PHYS-752 |Info    |    1 |Partition Based Synthesis execution skipped.       |
| SYNTH-1  |Info    |    1 |Synthesizing.                                      |
| TIM-1000 |Info    |    1 |Multimode clock gating check is disabled.          |
| TUI-58   |Info    |    1 |Removed object.                                    |
--------------------------------------------------------------------------------
Mapper: Libraries have:
	domain _default_: 324 combo usable cells and 128 sequential usable cells
Multi-threaded constant propagation [1|0] ...
Multi-threaded Virtual Mapping    (8 threads per ST process, 8 of 20 CPUs usable)
==================================
Stage : first_condense 
==================================
  =================
   Message Summary
  =================
--------------------------------------------------------------------------------
|   Id   |Sev  |Count |                     Message Text                       |
--------------------------------------------------------------------------------
| GB-6   |Info |   15 |A datapath component has been ungrouped.                |
| GLO-12 |Info |   52 |Replacing a flip-flop with a logic constant 0.          |
|        |     |      |To prevent this optimization, set the                   |
|        |     |      | 'optimize_constant_0_flops' root attribute to 'false'  |
|        |     |      | or 'optimize_constant_0_seq' instance attribute to     |
|        |     |      | 'false'. You can also see the complete list of deleted |
|        |     |      | sequential with command 'report sequential -deleted'   |
|        |     |      | (on Reason 'constant0').                               |
| GLO-34 |Info |    4 |Deleting instances not driving any primary outputs.     |
|        |     |      |Optimizations such as constant propagation or           |
|        |     |      | redundancy removal could change the connections so a   |
|        |     |      | hierarchical instance does not drive any primary       |
|        |     |      | outputs anymore. To see the list of deleted            |
|        |     |      | hierarchical instances, set the 'information_level'    |
|        |     |      | attribute to 2 or above. If the message is truncated   |
|        |     |      | set the message attribute 'truncate' to false to see   |
|        |     |      | the complete list. To prevent this optimization, set   |
|        |     |      | the 'delete_unloaded_insts' root/subdesign attribute   |
|        |     |      | to 'false' or 'preserve' instance attribute to 'true'. |
| GLO-42 |Info |  385 |Equivalent sequential instances have been merged.       |
|        |     |      |To prevent merging of sequential instances, set the     |
|        |     |      | 'optimize_merge_flops' and 'optimize_merge_latches'    |
|        |     |      | root attributes to 'false' or the 'optimize_merge_seq' |
|        |     |      | instance attribute to 'false'.                         |
| GLO-46 |Info |    1 |Combinational hierarchical instances are merged.        |
--------------------------------------------------------------------------------
 
Global mapping target info
==========================
Cost Group 'ACLK' target slack:   167 ps
Target path end-point (Port: mac_system_top/RDATA[0])


State Retention Synthesis Status
================================

Category                        Flops   Percentage
--------------------------------------------------
Total instances                  2159        100.0
Excluded from State Retention    2159        100.0
    - Will not convert           2159        100.0
      - Preserved                   0          0.0
      - Power intent excluded    2159        100.0
    - Could not convert             0          0.0
      - Scan type                   0          0.0
      - No suitable cell            0          0.0
State Retention instances           0          0.0
--------------------------------------------------

PBS_Generic_Opt-Post - Elapsed_Time 35, CPU_Time 37.59838600000001
stamp 'PBS_Generic_Opt-Post' being created for table 'pbs_debug'

  Total Time (Wall) |  Stage Time (Wall)  |   % (Wall)   |    Date - Time     |  Memory   | Stage
--------------------+---------------------+--------------+--------------------+-----------+----------------------
 00:00:06(00:00:04) |  00:00:00(00:00:00) |   0.0(  0.0) |   17:45:06 (Aug20) |  399.4 MB | PBS_Generic-Start
--------------------+---------------------+--------------+--------------------+-----------+----------------------
 00:00:43(00:00:39) |  00:00:37(00:00:35) | 100.0(100.0) |   17:45:41 (Aug20) |  773.3 MB | PBS_Generic_Opt-Post
--------------------+---------------------+--------------+--------------------+-----------+----------------------
Number of threads: 8 * 1   (id: pbs_debug, time_info v1.57)
Info: (*N*) indicates data that was populated from previously saved time_info database
Info: CPU time includes time of parent + longest thread
#
# Start activating view: analysis_view:mac_system_top/power_view
#
#
# Done activating view: analysis_view:mac_system_top/power_view
#
PBS_Generic-Postgen HBO Optimizations - Elapsed_Time 1, CPU_Time 1.0
stamp 'PBS_Generic-Postgen HBO Optimizations' being created for table 'pbs_debug'

  Total Time (Wall) |  Stage Time (Wall)  |   % (Wall)   |    Date - Time     |  Memory   | Stage
--------------------+---------------------+--------------+--------------------+-----------+----------------------
 00:00:06(00:00:04) |  00:00:00(00:00:00) |   0.0(  0.0) |   17:45:06 (Aug20) |  399.4 MB | PBS_Generic-Start
--------------------+---------------------+--------------+--------------------+-----------+----------------------
 00:00:43(00:00:39) |  00:00:37(00:00:35) |  97.4( 97.2) |   17:45:41 (Aug20) |  773.3 MB | PBS_Generic_Opt-Post
--------------------+---------------------+--------------+--------------------+-----------+----------------------
 00:00:44(00:00:40) |  00:00:01(00:00:01) |   2.6(  2.8) |   17:45:42 (Aug20) |  773.3 MB | PBS_Generic-Postgen HBO Optimizations
--------------------+---------------------+--------------+--------------------+-----------+----------------------
Number of threads: 8 * 1   (id: pbs_debug, time_info v1.57)
Info: (*N*) indicates data that was populated from previously saved time_info database
Info: CPU time includes time of parent + longest thread
##>=================== Cadence Confidential (Generic-Logical) ===================
##>=================== Cadence Confidential (Generic-Logical) ===================
##>Main Thread Summary:
##>----------------------------------------------------------------------------------------
##>STEP                           Elapsed       WNS       TNS     Insts      Area    Memory
##>----------------------------------------------------------------------------------------
##>G:Initial                            1         -         -     29677    285888       399
##>G:Setup                              0         -         -         -         -         -
##>G:Launch ST                          0         -         -         -         -         -
##>G:Design Partition                   0         -         -         -         -         -
##>G:Create Partition Netlists          0         -         -         -         -         -
##>G:Init Power                         0         -         -         -         -         -
##>G:Budgeting                          0         -         -         -         -         -
##>G:Derenv-DB                          0         -         -         -         -         -
##>G:Debug Outputs                      0         -         -         -         -         -
##>G:ST loading                         0         -         -         -         -         -
##>G:Distributed                        0         -         -         -         -         -
##>G:Timer                              0         -         -         -         -         -
##>G:Assembly                           0         -         -         -         -         -
##>G:DFT                                0         -         -         -         -         -
##>G:Const Prop                         1         -         -     19086    186621       773
##>G:Misc                              35
##>----------------------------------------------------------------------------------------
##>Total Elapsed                       37
##>========================================================================================
Info    : Done synthesizing. [SYNTH-2]
        : Done synthesizing 'mac_system_top' to generic gates.
      flow.cputime  flow.realtime  timing.setup.tns  timing.setup.wns  snapshot
UM:*                                                                   syn_gen
##Generic Timing Info for library domain: _default_ typical gate delay: 127.0 ps std_slew: 15.5 ps std_load: 7.0 fF
Info    : Mapping. [SYNTH-4]
        : Mapping 'mac_system_top' using 'high' effort.
Mapper: Libraries have:
	domain _default_: 324 combo usable cells and 128 sequential usable cells
Configuring mapper costing (none)
TNS Restructuring config: no_value at stage: map applied.
PBS_TechMap-Start - Elapsed_Time 0, CPU_Time 0.0
stamp 'PBS_TechMap-Start' being created for table 'pbs_debug'

  Total Time (Wall) |  Stage Time (Wall)  |   % (Wall)   |    Date - Time     |  Memory   | Stage
--------------------+---------------------+--------------+--------------------+-----------+----------------------
 00:00:06(00:00:04) |  00:00:00(00:00:00) |   0.0(  0.0) |   17:45:06 (Aug20) |  399.4 MB | PBS_Generic-Start
--------------------+---------------------+--------------+--------------------+-----------+----------------------
 00:00:43(00:00:39) |  00:00:37(00:00:35) |  97.4( 94.6) |   17:45:41 (Aug20) |  773.3 MB | PBS_Generic_Opt-Post
--------------------+---------------------+--------------+--------------------+-----------+----------------------
 00:00:44(00:00:40) |  00:00:01(00:00:01) |   2.6(  2.7) |   17:45:42 (Aug20) |  773.3 MB | PBS_Generic-Postgen HBO Optimizations
--------------------+---------------------+--------------+--------------------+-----------+----------------------
 00:00:44(00:00:41) |  00:00:00(00:00:01) |   0.0(  2.7) |   17:45:43 (Aug20) |  773.3 MB | PBS_TechMap-Start
--------------------+---------------------+--------------+--------------------+-----------+----------------------
Number of threads: 8 * 1   (id: pbs_debug, time_info v1.57)
Info: (*N*) indicates data that was populated from previously saved time_info database
Info: CPU time includes time of parent + longest thread
PBS_TechMap-Premap HBO Optimizations - Elapsed_Time 0, CPU_Time 0.0
stamp 'PBS_TechMap-Premap HBO Optimizations' being created for table 'pbs_debug'

  Total Time (Wall) |  Stage Time (Wall)  |   % (Wall)   |    Date - Time     |  Memory   | Stage
--------------------+---------------------+--------------+--------------------+-----------+----------------------
 00:00:06(00:00:04) |  00:00:00(00:00:00) |   0.0(  0.0) |   17:45:06 (Aug20) |  399.4 MB | PBS_Generic-Start
--------------------+---------------------+--------------+--------------------+-----------+----------------------
 00:00:43(00:00:39) |  00:00:37(00:00:35) |  97.4( 94.6) |   17:45:41 (Aug20) |  773.3 MB | PBS_Generic_Opt-Post
--------------------+---------------------+--------------+--------------------+-----------+----------------------
 00:00:44(00:00:40) |  00:00:01(00:00:01) |   2.6(  2.7) |   17:45:42 (Aug20) |  773.3 MB | PBS_Generic-Postgen HBO Optimizations
--------------------+---------------------+--------------+--------------------+-----------+----------------------
 00:00:44(00:00:41) |  00:00:00(00:00:01) |   0.0(  2.7) |   17:45:43 (Aug20) |  773.3 MB | PBS_TechMap-Start
--------------------+---------------------+--------------+--------------------+-----------+----------------------
 00:00:44(00:00:41) |  00:00:00(00:00:00) |   0.0(  0.0) |   17:45:43 (Aug20) |  773.3 MB | PBS_TechMap-Premap HBO Optimizations
--------------------+---------------------+--------------+--------------------+-----------+----------------------
Number of threads: 8 * 1   (id: pbs_debug, time_info v1.57)
Info: (*N*) indicates data that was populated from previously saved time_info database
Info: CPU time includes time of parent + longest thread
Info    : Partition Based Synthesis execution skipped. [PHYS-752]
        : Design size is less than the partition size '100000' for distributed mapping optimization to kick in.
Mapper: Libraries have:
	domain _default_: 324 combo usable cells and 128 sequential usable cells
Dominant view analysis is reducing the number of views from 2 (2 corners) to 1 (1 corners).
Multi-threaded Virtual Mapping    (8 threads per ST process, 8 of 20 CPUs usable)
 
Global mapping target info
==========================
Cost Group 'ACLK' target slack:   167 ps
Target path end-point (Port: mac_system_top/RDATA[0])

Multi-threaded Technology Mapping (8 threads per ST process, 8 of 20 CPUs usable)
 
Global mapping status
=====================
                                   Group   
                                  Tot Wrst 
                           Total  Weighted 
Operation                   Area   Slacks  
 global_map                87050        0 

    Cost Group            Target    Slack    Diff.  Constr.
-----------------------------------------------------------
          ACLK               167     1463             10000 


State Retention Synthesis Status
================================

Category                        Flops   Percentage
--------------------------------------------------
Total instances                  2159        100.0
Excluded from State Retention    2159        100.0
    - Will not convert           2159        100.0
      - Preserved                   0          0.0
      - Power intent excluded    2159        100.0
    - Could not convert             0          0.0
      - Scan type                   0          0.0
      - No suitable cell            0          0.0
State Retention instances           0          0.0
--------------------------------------------------

#
# Start activating view: analysis_view:mac_system_top/power_view
#
#
# Done activating view: analysis_view:mac_system_top/power_view
#
INFO: skipping constant propagation
PBS_Techmap-Global Mapping - Elapsed_Time 14, CPU_Time 16.91363400000001
stamp 'PBS_Techmap-Global Mapping' being created for table 'pbs_debug'

  Total Time (Wall) |  Stage Time (Wall)  |   % (Wall)   |    Date - Time     |  Memory   | Stage
--------------------+---------------------+--------------+--------------------+-----------+----------------------
 00:00:06(00:00:04) |  00:00:00(00:00:00) |   0.0(  0.0) |   17:45:06 (Aug20) |  399.4 MB | PBS_Generic-Start
--------------------+---------------------+--------------+--------------------+-----------+----------------------
 00:00:43(00:00:39) |  00:00:37(00:00:35) |  67.7( 68.6) |   17:45:41 (Aug20) |  773.3 MB | PBS_Generic_Opt-Post
--------------------+---------------------+--------------+--------------------+-----------+----------------------
 00:00:44(00:00:40) |  00:00:01(00:00:01) |   1.8(  2.0) |   17:45:42 (Aug20) |  773.3 MB | PBS_Generic-Postgen HBO Optimizations
--------------------+---------------------+--------------+--------------------+-----------+----------------------
 00:00:44(00:00:41) |  00:00:00(00:00:01) |   0.0(  2.0) |   17:45:43 (Aug20) |  773.3 MB | PBS_TechMap-Start
--------------------+---------------------+--------------+--------------------+-----------+----------------------
 00:00:44(00:00:41) |  00:00:00(00:00:00) |   0.0(  0.0) |   17:45:43 (Aug20) |  773.3 MB | PBS_TechMap-Premap HBO Optimizations
--------------------+---------------------+--------------+--------------------+-----------+----------------------
 00:01:01(00:00:55) |  00:00:16(00:00:14) |  30.5( 27.5) |   17:45:57 (Aug20) |  772.0 MB | PBS_Techmap-Global Mapping
--------------------+---------------------+--------------+--------------------+-----------+----------------------
Number of threads: 8 * 1   (id: pbs_debug, time_info v1.57)
Info: (*N*) indicates data that was populated from previously saved time_info database
Info: CPU time includes time of parent + longest thread
Dominant view analysis is reducing the number of views from 2 (2 corners) to 1 (1 corners).
-------------------------------------------------------------------------------
 hi_fo_buf                 87135        0         0       511        0      586

           Trick     Calls     Accepts   Attempts    Time(secs) 
-----------------------------------------------------------
       hi_fo_buf         1  (        1 /        1 )  0.02

 


                                   Group   
                                  Tot Wrst     Total - - - - DRC Totals - - - -
                           Total  Weighted      Neg      Max       Max     Max  
Operation                   Area   Slacks      Slack    Trans      Cap   Fanout 
 init_area                 87135        0         0       511        0      586
 rem_buf                   87082        0         0       511        0      586
 rem_inv                   86984        0         0       511        0      582
 merge_bi                  86704        0         0       511        0      582
 rem_inv_qb                86693        0         0       511        0      582
 seq_res_area              86692        0         0       511        0      582
 io_phase                  86690        0         0       437        0      582
 gcomp_mog                 86660        0         0       437        0      582
 glob_area                 86446        0         0       437        0      582
 area_down                 86380        0         0       437        0      582
 size_n_buf                86423        0         0         0        0      582
 rem_buf                   86399        0         0         0        0      582

           Trick     Calls     Accepts   Attempts    Time(secs) 
-----------------------------------------------------------
           undup         0  (        0 /        0 )  0.00
         rem_buf        17  (       11 /       11 )  0.02
         rem_inv        60  (       36 /       36 )  0.08
        merge_bi        96  (       80 /       80 )  0.16
      rem_inv_qb         6  (        4 /        4 )  0.04
    seq_res_area        52  (        1 /        1 )  4.10
        io_phase        15  (        9 /       10 )  0.09
       gate_comp       272  (        0 /        0 )  0.41
       gcomp_mog        29  (        8 /        8 )  0.08
       glob_area        52  (       12 /       52 )  0.16
       area_down        90  (       18 /       18 )  0.38
      size_n_buf        25  (        4 /        4 )  0.09
  gate_deco_area         0  (        0 /        0 )  0.01
         rem_buf        10  (        4 /        4 )  0.02
         rem_inv         8  (        0 /        0 )  0.01
        merge_bi        14  (        0 /        0 )  0.02
      rem_inv_qb         0  (        0 /        0 )  0.00

 
Incremental optimization status
===============================
                                   Group   
                                  Tot Wrst     Total - - - - DRC Totals - - - -
                           Total  Weighted      Neg      Max       Max     Max  
Operation                   Area   Slacks      Slack    Trans      Cap   Fanout 
 init_delay                86399        0         0         0        0      582

           Trick     Calls     Accepts   Attempts    Time(secs) 
-----------------------------------------------------------
       crit_upsz         0  (        0 /        0 )  0.00
    plc_bal_star         0  (        0 /        0 )  0.00
     drc_buftimb         0  (        0 /        0 )  0.00
          plc_st         0  (        0 /        0 )  0.00
    plc_st_fence         0  (        0 /        0 )  0.00
        plc_star         0  (        0 /        0 )  0.00
      plc_laf_st         0  (        0 /        0 )  0.00
 plc_laf_st_fence         0  (        0 /        0 )  0.00
     drc_buftims         0  (        0 /        0 )  0.00
            fopt         0  (        0 /        0 )  0.00
   plc_laf_lo_st         0  (        0 /        0 )  0.00
       plc_lo_st         0  (        0 /        0 )  0.00
        mb_split         0  (        0 /        0 )  0.00

 
Local TNS optimization status
=============================
                                   Group   
                                  Tot Wrst     Total - - - - DRC Totals - - - -
                           Total  Weighted      Neg      Max       Max     Max  
Operation                   Area   Slacks      Slack    Trans      Cap   Fanout 
 init_tns                  86399        0         0         0        0      582

           Trick     Calls     Accepts   Attempts    Time(secs) 
-----------------------------------------------------------
    plc_bal_star         0  (        0 /        0 )  0.00
     drc_buftimb         0  (        0 /        0 )  0.00
     drc_buftims         0  (        0 /        0 )  0.00
       crit_upsz         0  (        0 /        0 )  0.00
   plc_laf_lo_st         0  (        0 /        0 )  0.00
       plc_lo_st         0  (        0 /        0 )  0.00
            fopt         0  (        0 /        0 )  0.00
       crit_dnsz         0  (        0 /        0 )  0.00
             dup         0  (        0 /        0 )  0.00
        setup_dn         0  (        0 /        0 )  0.00
        mb_split         0  (        0 /        0 )  0.00

Restoring original analysis views.
#
# Start activating view: analysis_view:mac_system_top/power_view
#
#
# Done activating view: analysis_view:mac_system_top/power_view
#
Warning : Command 'commit_power_intent' cannot proceed as there is no power intent loaded. [CPI-506]
        : Command 'commit_power_intent' requires a valid power_intent to be loaded.
Info    : Wrote formal verification information. [CFM-5]
        : Wrote 'fv/mac_system_top/fv_map.fv.json' for netlist 'fv/mac_system_top/fv_map.v.gz'.
Info    : Wrote dofile. [CFM-1]
        : Dofile is 'fv/mac_system_top/rtl_to_fv_map.do'.
        : Alias mapping flow is enabled.
PBS_TechMap-Datapath Postmap Operations - Elapsed_Time 9, CPU_Time 9.31752800000001
stamp 'PBS_TechMap-Datapath Postmap Operations' being created for table 'pbs_debug'

  Total Time (Wall) |  Stage Time (Wall)  |   % (Wall)   |    Date - Time     |  Memory   | Stage
--------------------+---------------------+--------------+--------------------+-----------+----------------------
 00:00:06(00:00:04) |  00:00:00(00:00:00) |   0.0(  0.0) |   17:45:06 (Aug20) |  399.4 MB | PBS_Generic-Start
--------------------+---------------------+--------------+--------------------+-----------+----------------------
 00:00:43(00:00:39) |  00:00:37(00:00:35) |  58.0( 58.3) |   17:45:41 (Aug20) |  773.3 MB | PBS_Generic_Opt-Post
--------------------+---------------------+--------------+--------------------+-----------+----------------------
 00:00:44(00:00:40) |  00:00:01(00:00:01) |   1.5(  1.7) |   17:45:42 (Aug20) |  773.3 MB | PBS_Generic-Postgen HBO Optimizations
--------------------+---------------------+--------------+--------------------+-----------+----------------------
 00:00:44(00:00:41) |  00:00:00(00:00:01) |   0.0(  1.7) |   17:45:43 (Aug20) |  773.3 MB | PBS_TechMap-Start
--------------------+---------------------+--------------+--------------------+-----------+----------------------
 00:00:44(00:00:41) |  00:00:00(00:00:00) |   0.0(  0.0) |   17:45:43 (Aug20) |  773.3 MB | PBS_TechMap-Premap HBO Optimizations
--------------------+---------------------+--------------+--------------------+-----------+----------------------
 00:01:01(00:00:55) |  00:00:16(00:00:14) |  26.1( 23.3) |   17:45:57 (Aug20) |  772.0 MB | PBS_Techmap-Global Mapping
--------------------+---------------------+--------------+--------------------+-----------+----------------------
 00:01:10(00:01:04) |  00:00:09(00:00:09) |  14.4( 15.0) |   17:46:06 (Aug20) |  774.4 MB | PBS_TechMap-Datapath Postmap Operations
--------------------+---------------------+--------------+--------------------+-----------+----------------------
Number of threads: 8 * 1   (id: pbs_debug, time_info v1.57)
Info: (*N*) indicates data that was populated from previously saved time_info database
Info: CPU time includes time of parent + longest thread
PBS_TechMap-Postmap HBO Optimizations - Elapsed_Time 0, CPU_Time -0.11522599999999272
stamp 'PBS_TechMap-Postmap HBO Optimizations' being created for table 'pbs_debug'

  Total Time (Wall) |  Stage Time (Wall)  |   % (Wall)   |    Date - Time     |  Memory   | Stage
--------------------+---------------------+--------------+--------------------+-----------+----------------------
 00:00:06(00:00:04) |  00:00:00(00:00:00) |   0.0(  0.0) |   17:45:06 (Aug20) |  399.4 MB | PBS_Generic-Start
--------------------+---------------------+--------------+--------------------+-----------+----------------------
 00:00:43(00:00:39) |  00:00:37(00:00:35) |  58.1( 58.3) |   17:45:41 (Aug20) |  773.3 MB | PBS_Generic_Opt-Post
--------------------+---------------------+--------------+--------------------+-----------+----------------------
 00:00:44(00:00:40) |  00:00:01(00:00:01) |   1.5(  1.7) |   17:45:42 (Aug20) |  773.3 MB | PBS_Generic-Postgen HBO Optimizations
--------------------+---------------------+--------------+--------------------+-----------+----------------------
 00:00:44(00:00:41) |  00:00:00(00:00:01) |   0.0(  1.7) |   17:45:43 (Aug20) |  773.3 MB | PBS_TechMap-Start
--------------------+---------------------+--------------+--------------------+-----------+----------------------
 00:00:44(00:00:41) |  00:00:00(00:00:00) |   0.0(  0.0) |   17:45:43 (Aug20) |  773.3 MB | PBS_TechMap-Premap HBO Optimizations
--------------------+---------------------+--------------+--------------------+-----------+----------------------
 00:01:01(00:00:55) |  00:00:16(00:00:14) |  26.1( 23.3) |   17:45:57 (Aug20) |  772.0 MB | PBS_Techmap-Global Mapping
--------------------+---------------------+--------------+--------------------+-----------+----------------------
 00:01:10(00:01:04) |  00:00:09(00:00:09) |  14.4( 15.0) |   17:46:06 (Aug20) |  774.4 MB | PBS_TechMap-Datapath Postmap Operations
--------------------+---------------------+--------------+--------------------+-----------+----------------------
 00:01:10(00:01:04) |  00:00:00(00:00:00) |  -0.2(  0.0) |   17:46:06 (Aug20) |  774.4 MB | PBS_TechMap-Postmap HBO Optimizations
--------------------+---------------------+--------------+--------------------+-----------+----------------------
Number of threads: 8 * 1   (id: pbs_debug, time_info v1.57)
Info: (*N*) indicates data that was populated from previously saved time_info database
Info: CPU time includes time of parent + longest thread
 Doing ConstProp on design:mac_system_top ... 

Time taken by ConstProp Step: 00:00:00
PBS_TechMap-Postmap Clock Gating - Elapsed_Time 0, CPU_Time 0.0
stamp 'PBS_TechMap-Postmap Clock Gating' being created for table 'pbs_debug'

  Total Time (Wall) |  Stage Time (Wall)  |   % (Wall)   |    Date - Time     |  Memory   | Stage
--------------------+---------------------+--------------+--------------------+-----------+----------------------
 00:00:06(00:00:04) |  00:00:00(00:00:00) |   0.0(  0.0) |   17:45:06 (Aug20) |  399.4 MB | PBS_Generic-Start
--------------------+---------------------+--------------+--------------------+-----------+----------------------
 00:00:43(00:00:39) |  00:00:37(00:00:35) |  58.1( 58.3) |   17:45:41 (Aug20) |  773.3 MB | PBS_Generic_Opt-Post
--------------------+---------------------+--------------+--------------------+-----------+----------------------
 00:00:44(00:00:40) |  00:00:01(00:00:01) |   1.5(  1.7) |   17:45:42 (Aug20) |  773.3 MB | PBS_Generic-Postgen HBO Optimizations
--------------------+---------------------+--------------+--------------------+-----------+----------------------
 00:00:44(00:00:41) |  00:00:00(00:00:01) |   0.0(  1.7) |   17:45:43 (Aug20) |  773.3 MB | PBS_TechMap-Start
--------------------+---------------------+--------------+--------------------+-----------+----------------------
 00:00:44(00:00:41) |  00:00:00(00:00:00) |   0.0(  0.0) |   17:45:43 (Aug20) |  773.3 MB | PBS_TechMap-Premap HBO Optimizations
--------------------+---------------------+--------------+--------------------+-----------+----------------------
 00:01:01(00:00:55) |  00:00:16(00:00:14) |  26.1( 23.3) |   17:45:57 (Aug20) |  772.0 MB | PBS_Techmap-Global Mapping
--------------------+---------------------+--------------+--------------------+-----------+----------------------
 00:01:10(00:01:04) |  00:00:09(00:00:09) |  14.4( 15.0) |   17:46:06 (Aug20) |  774.4 MB | PBS_TechMap-Datapath Postmap Operations
--------------------+---------------------+--------------+--------------------+-----------+----------------------
 00:01:10(00:01:04) |  00:00:00(00:00:00) |  -0.2(  0.0) |   17:46:06 (Aug20) |  774.4 MB | PBS_TechMap-Postmap HBO Optimizations
--------------------+---------------------+--------------+--------------------+-----------+----------------------
 00:01:10(00:01:04) |  00:00:00(00:00:00) |   0.0(  0.0) |   17:46:06 (Aug20) |  774.4 MB | PBS_TechMap-Postmap Clock Gating
--------------------+---------------------+--------------+--------------------+-----------+----------------------
Number of threads: 8 * 1   (id: pbs_debug, time_info v1.57)
Info: (*N*) indicates data that was populated from previously saved time_info database
Info: CPU time includes time of parent + longest thread
Dominant view analysis is reducing the number of views from 2 (2 corners) to 1 (1 corners).
-------------------------------------------------------------------------------
 hi_fo_buf                 86399        0         0         0        0      582

           Trick     Calls     Accepts   Attempts    Time(secs) 
-----------------------------------------------------------
       hi_fo_buf         0  (        0 /        0 )  0.00

 
Incremental optimization status
===============================
                                   Group   
                                  Tot Wrst     Total - - - - DRC Totals - - - -
                           Total  Weighted      Neg      Max       Max     Max  
Operation                   Area   Slacks      Slack    Trans      Cap   Fanout 
 init_delay                86399        0         0         0        0      582

           Trick     Calls     Accepts   Attempts    Time(secs) 
-----------------------------------------------------------
       crit_upsz         0  (        0 /        0 )  0.00
    plc_bal_star         0  (        0 /        0 )  0.00
     drc_buftimb         0  (        0 /        0 )  0.00
          plc_st         0  (        0 /        0 )  0.00
    plc_st_fence         0  (        0 /        0 )  0.00
        plc_star         0  (        0 /        0 )  0.00
      plc_laf_st         0  (        0 /        0 )  0.00
 plc_laf_st_fence         0  (        0 /        0 )  0.00
     drc_buftims         0  (        0 /        0 )  0.00
            fopt         0  (        0 /        0 )  0.00
   plc_laf_lo_st         0  (        0 /        0 )  0.00
       plc_lo_st         0  (        0 /        0 )  0.00
        mb_split         0  (        0 /        0 )  0.00

 
Local TNS optimization status
=============================
                                   Group   
                                  Tot Wrst     Total - - - - DRC Totals - - - -
                           Total  Weighted      Neg      Max       Max     Max  
Operation                   Area   Slacks      Slack    Trans      Cap   Fanout 
 init_tns                  86399        0         0         0        0      582

           Trick     Calls     Accepts   Attempts    Time(secs) 
-----------------------------------------------------------
    plc_bal_star         0  (        0 /        0 )  0.00
     drc_buftimb         0  (        0 /        0 )  0.00
     drc_buftims         0  (        0 /        0 )  0.00
       crit_upsz         0  (        0 /        0 )  0.00
   plc_laf_lo_st         0  (        0 /        0 )  0.00
       plc_lo_st         0  (        0 /        0 )  0.00
            fopt         0  (        0 /        0 )  0.00
       crit_dnsz         0  (        0 /        0 )  0.00
             dup         0  (        0 /        0 )  0.00
        setup_dn         0  (        0 /        0 )  0.00
        mb_split         0  (        0 /        0 )  0.00

PBS_TechMap-Postmap Cleanup - Elapsed_Time 0, CPU_Time 0.7701160000000016
stamp 'PBS_TechMap-Postmap Cleanup' being created for table 'pbs_debug'

  Total Time (Wall) |  Stage Time (Wall)  |   % (Wall)   |    Date - Time     |  Memory   | Stage
--------------------+---------------------+--------------+--------------------+-----------+----------------------
 00:00:06(00:00:04) |  00:00:00(00:00:00) |   0.0(  0.0) |   17:45:06 (Aug20) |  399.4 MB | PBS_Generic-Start
--------------------+---------------------+--------------+--------------------+-----------+----------------------
 00:00:43(00:00:39) |  00:00:37(00:00:35) |  57.4( 58.3) |   17:45:41 (Aug20) |  773.3 MB | PBS_Generic_Opt-Post
--------------------+---------------------+--------------+--------------------+-----------+----------------------
 00:00:44(00:00:40) |  00:00:01(00:00:01) |   1.5(  1.7) |   17:45:42 (Aug20) |  773.3 MB | PBS_Generic-Postgen HBO Optimizations
--------------------+---------------------+--------------+--------------------+-----------+----------------------
 00:00:44(00:00:41) |  00:00:00(00:00:01) |   0.0(  1.7) |   17:45:43 (Aug20) |  773.3 MB | PBS_TechMap-Start
--------------------+---------------------+--------------+--------------------+-----------+----------------------
 00:00:44(00:00:41) |  00:00:00(00:00:00) |   0.0(  0.0) |   17:45:43 (Aug20) |  773.3 MB | PBS_TechMap-Premap HBO Optimizations
--------------------+---------------------+--------------+--------------------+-----------+----------------------
 00:01:01(00:00:55) |  00:00:16(00:00:14) |  25.8( 23.3) |   17:45:57 (Aug20) |  772.0 MB | PBS_Techmap-Global Mapping
--------------------+---------------------+--------------+--------------------+-----------+----------------------
 00:01:10(00:01:04) |  00:00:09(00:00:09) |  14.2( 15.0) |   17:46:06 (Aug20) |  774.4 MB | PBS_TechMap-Datapath Postmap Operations
--------------------+---------------------+--------------+--------------------+-----------+----------------------
 00:01:10(00:01:04) |  00:00:00(00:00:00) |  -0.2(  0.0) |   17:46:06 (Aug20) |  774.4 MB | PBS_TechMap-Postmap HBO Optimizations
--------------------+---------------------+--------------+--------------------+-----------+----------------------
 00:01:10(00:01:04) |  00:00:00(00:00:00) |   0.0(  0.0) |   17:46:06 (Aug20) |  774.4 MB | PBS_TechMap-Postmap Clock Gating
--------------------+---------------------+--------------+--------------------+-----------+----------------------
 00:01:11(00:01:04) |  00:00:00(00:00:00) |   1.2(  0.0) |   17:46:06 (Aug20) |  774.4 MB | PBS_TechMap-Postmap Cleanup
--------------------+---------------------+--------------+--------------------+-----------+----------------------
Number of threads: 8 * 1   (id: pbs_debug, time_info v1.57)
Info: (*N*) indicates data that was populated from previously saved time_info database
Info: CPU time includes time of parent + longest thread
PBS_Techmap-Post_MBCI - Elapsed_Time 0, CPU_Time 0.0
stamp 'PBS_Techmap-Post_MBCI' being created for table 'pbs_debug'

  Total Time (Wall) |  Stage Time (Wall)  |   % (Wall)   |    Date - Time     |  Memory   | Stage
--------------------+---------------------+--------------+--------------------+-----------+----------------------
 00:00:06(00:00:04) |  00:00:00(00:00:00) |   0.0(  0.0) |   17:45:06 (Aug20) |  399.4 MB | PBS_Generic-Start
--------------------+---------------------+--------------+--------------------+-----------+----------------------
 00:00:43(00:00:39) |  00:00:37(00:00:35) |  57.4( 58.3) |   17:45:41 (Aug20) |  773.3 MB | PBS_Generic_Opt-Post
--------------------+---------------------+--------------+--------------------+-----------+----------------------
 00:00:44(00:00:40) |  00:00:01(00:00:01) |   1.5(  1.7) |   17:45:42 (Aug20) |  773.3 MB | PBS_Generic-Postgen HBO Optimizations
--------------------+---------------------+--------------+--------------------+-----------+----------------------
 00:00:44(00:00:41) |  00:00:00(00:00:01) |   0.0(  1.7) |   17:45:43 (Aug20) |  773.3 MB | PBS_TechMap-Start
--------------------+---------------------+--------------+--------------------+-----------+----------------------
 00:00:44(00:00:41) |  00:00:00(00:00:00) |   0.0(  0.0) |   17:45:43 (Aug20) |  773.3 MB | PBS_TechMap-Premap HBO Optimizations
--------------------+---------------------+--------------+--------------------+-----------+----------------------
 00:01:01(00:00:55) |  00:00:16(00:00:14) |  25.8( 23.3) |   17:45:57 (Aug20) |  772.0 MB | PBS_Techmap-Global Mapping
--------------------+---------------------+--------------+--------------------+-----------+----------------------
 00:01:10(00:01:04) |  00:00:09(00:00:09) |  14.2( 15.0) |   17:46:06 (Aug20) |  774.4 MB | PBS_TechMap-Datapath Postmap Operations
--------------------+---------------------+--------------+--------------------+-----------+----------------------
 00:01:10(00:01:04) |  00:00:00(00:00:00) |  -0.2(  0.0) |   17:46:06 (Aug20) |  774.4 MB | PBS_TechMap-Postmap HBO Optimizations
--------------------+---------------------+--------------+--------------------+-----------+----------------------
 00:01:10(00:01:04) |  00:00:00(00:00:00) |   0.0(  0.0) |   17:46:06 (Aug20) |  774.4 MB | PBS_TechMap-Postmap Clock Gating
--------------------+---------------------+--------------+--------------------+-----------+----------------------
 00:01:11(00:01:04) |  00:00:00(00:00:00) |   1.2(  0.0) |   17:46:06 (Aug20) |  774.4 MB | PBS_TechMap-Postmap Cleanup
--------------------+---------------------+--------------+--------------------+-----------+----------------------
 00:01:11(00:01:04) |  00:00:00(00:00:00) |   0.0(  0.0) |   17:46:06 (Aug20) |  774.4 MB | PBS_Techmap-Post_MBCI
--------------------+---------------------+--------------+--------------------+-----------+----------------------
Number of threads: 8 * 1   (id: pbs_debug, time_info v1.57)
Info: (*N*) indicates data that was populated from previously saved time_info database
Info: CPU time includes time of parent + longest thread
Restoring original analysis views.
#
# Start activating view: analysis_view:mac_system_top/power_view
#
#
# Done activating view: analysis_view:mac_system_top/power_view
#
##>=================== Cadence Confidential (Mapping-Logical) ===================
##>Main Thread Summary:
##>----------------------------------------------------------------------------------------
##>STEP                           Elapsed       WNS       TNS     Insts      Area    Memory
##>----------------------------------------------------------------------------------------
##>M:Initial                            0         -         -     19086    186621       773
##>M:Pre Cleanup                        0         -         -     19086    186621       773
##>M:Setup                              0         -         -         -         -         -
##>M:Launch ST                          0         -         -         -         -         -
##>M:Design Partition                   0         -         -         -         -         -
##>M:Create Partition Netlists          0         -         -         -         -         -
##>M:Init Power                         0         -         -         -         -         -
##>M:Budgeting                          0         -         -         -         -         -
##>M:Derenv-DB                          0         -         -         -         -         -
##>M:Debug Outputs                      0         -         -         -         -         -
##>M:ST loading                         0         -         -         -         -         -
##>M:Distributed                        0         -         -         -         -         -
##>M:Timer                              0         -         -         -         -         -
##>M:Assembly                           0         -         -         -         -         -
##>M:DFT                                0         -         -         -         -         -
##>M:DP Operations                      9         -         -      6324     86398       774
##>M:Const Prop                         0      1353         0      6324     86398       774
##>M:Cleanup                            0      1353         0      6324     86398       774
##>M:MBCI                               0         -         -      6324     86398       774
##>M:Const Gate Removal                 0         -         -         -         -         -
##>M:Misc                              14
##>----------------------------------------------------------------------------------------
##>Total Elapsed                       23
##>========================================================================================
Info    : Done mapping. [SYNTH-5]
        : Done mapping 'mac_system_top'.
      flow.cputime  flow.realtime  timing.setup.tns  timing.setup.wns  snapshot
UM:*                                                                   syn_map
Info    : Incrementally optimizing. [SYNTH-7]
        : Incrementally optimizing 'mac_system_top' using 'high' effort.
 
Incremental optimization status
===============================
                                   Group   
                                  Tot Wrst     Total - - - - DRC Totals - - - -
                           Total  Weighted      Neg      Max       Max     Max  
Operation                   Area   Slacks      Slack    Trans      Cap   Fanout 
 init_iopt                 86399        0         0         0        0      582
-------------------------------------------------------------------------------
 const_prop                86399        0         0         0        0      582
 simp_cc_inputs            86393        0         0         0        0      582
-------------------------------------------------------------------------------
 hi_fo_buf                 86393        0         0         0        0      582

           Trick     Calls     Accepts   Attempts    Time(secs) 
-----------------------------------------------------------
       hi_fo_buf         0  (        0 /        0 )  0.00

 
Incremental optimization status
===============================
                                   Group   
                                  Tot Wrst     Total - - - - DRC Totals - - - -
                           Total  Weighted      Neg      Max       Max     Max  
Operation                   Area   Slacks      Slack    Trans      Cap   Fanout 
 init_delay                86393        0         0         0        0      582

           Trick     Calls     Accepts   Attempts    Time(secs) 
-----------------------------------------------------------
        crit_msz         0  (        0 /        0 )  0.00
       crit_upsz         0  (        0 /        0 )  0.00
       crit_slew         0  (        0 /        0 )  0.00
        setup_dn         0  (        0 /        0 )  0.00
    plc_bal_star         0  (        0 /        0 )  0.00
     drc_buftimb         0  (        0 /        0 )  0.00
          plc_st         0  (        0 /        0 )  0.00
    plc_st_fence         0  (        0 /        0 )  0.00
        plc_star         0  (        0 /        0 )  0.00
      plc_laf_st         0  (        0 /        0 )  0.00
 plc_laf_st_fence         0  (        0 /        0 )  0.00
     drc_buftims         0  (        0 /        0 )  0.00
   plc_laf_lo_st         0  (        0 /        0 )  0.00
       plc_lo_st         0  (        0 /        0 )  0.00
            fopt         0  (        0 /        0 )  0.00
       crit_swap         0  (        0 /        0 )  0.00
       mux2_swap         0  (        0 /        0 )  0.00
       crit_dnsz         0  (        0 /        0 )  0.00
       load_swap         0  (        0 /        0 )  0.00
            fopt         0  (        0 /        0 )  0.00
        setup_dn         0  (        0 /        0 )  0.00
       load_isol         0  (        0 /        0 )  0.00
       load_isol         0  (        0 /        0 )  0.00
        move_for         0  (        0 /        0 )  0.00
        move_for         0  (        0 /        0 )  0.00
          rem_bi         0  (        0 /        0 )  0.00
         offload         0  (        0 /        0 )  0.00
          rem_bi         0  (        0 /        0 )  0.00
         offload         0  (        0 /        0 )  0.00
           phase         0  (        0 /        0 )  0.00
        in_phase         0  (        0 /        0 )  0.00
       merge_bit         0  (        0 /        0 )  0.00
     merge_idrvr         0  (        0 /        0 )  0.00
     merge_iload         0  (        0 /        0 )  0.00
    merge_idload         0  (        0 /        0 )  0.00
      merge_drvr         0  (        0 /        0 )  0.00
      merge_load         0  (        0 /        0 )  0.00
          decomp         0  (        0 /        0 )  0.00
        p_decomp         0  (        0 /        0 )  0.00
        levelize         0  (        0 /        0 )  0.00
        mb_split         0  (        0 /        0 )  0.00
             dup         0  (        0 /        0 )  0.00
      mux_retime         0  (        0 /        0 )  0.00
         buf2inv         0  (        0 /        0 )  0.00
             exp         0  (        0 /        0 )  0.00
       gate_deco         0  (        0 /        0 )  0.00
       gcomp_tim         0  (        0 /        0 )  0.00
  inv_pair_2_buf         0  (        0 /        0 )  0.00


           Trick     Calls     Accepts   Attempts    Time(secs) 
-----------------------------------------------------------
         crr_220         0  (        0 /        0 )  0.00
        crr_glob         0  (        0 /        0 )  0.00
         crr_200         0  (        0 /        0 )  0.00
        crr_glob         0  (        0 /        0 )  0.00
         crr_300         0  (        0 /        0 )  0.00
        crr_glob         0  (        0 /        0 )  0.00
         crr_400         0  (        0 /        0 )  0.00
        crr_glob         0  (        0 /        0 )  0.00
         crr_111         0  (        0 /        0 )  0.00
        crr_glob         0  (        0 /        0 )  0.00
         crr_210         0  (        0 /        0 )  0.00
        crr_glob         0  (        0 /        0 )  0.00
         crr_110         0  (        0 /        0 )  0.00
        crr_glob         0  (        0 /        0 )  0.00
         crr_101         0  (        0 /        0 )  0.00
        crr_glob         0  (        0 /        0 )  0.00
         crr_201         0  (        0 /        0 )  0.00
        crr_glob         0  (        0 /        0 )  0.00
         crr_211         0  (        0 /        0 )  0.00
        crr_glob         0  (        0 /        0 )  0.00
        crit_msz         0  (        0 /        0 )  0.00
       crit_upsz         0  (        0 /        0 )  0.00
       crit_slew         0  (        0 /        0 )  0.00
        setup_dn         0  (        0 /        0 )  0.00
    plc_bal_star         0  (        0 /        0 )  0.00
     drc_buftimb         0  (        0 /        0 )  0.00
          plc_st         0  (        0 /        0 )  0.00
    plc_st_fence         0  (        0 /        0 )  0.00
        plc_star         0  (        0 /        0 )  0.00
      plc_laf_st         0  (        0 /        0 )  0.00
 plc_laf_st_fence         0  (        0 /        0 )  0.00
     drc_buftims         0  (        0 /        0 )  0.00
       plc_lo_st         0  (        0 /        0 )  0.00
            fopt         0  (        0 /        0 )  0.00
       crit_swap         0  (        0 /        0 )  0.00
       mux2_swap         0  (        0 /        0 )  0.00
       crit_dnsz         0  (        0 /        0 )  0.00
       load_swap         0  (        0 /        0 )  0.00
            fopt         0  (        0 /        0 )  0.00
        setup_dn         0  (        0 /        0 )  0.00
       load_isol         0  (        0 /        0 )  0.00
       load_isol         0  (        0 /        0 )  0.00
        move_for         0  (        0 /        0 )  0.00
        move_for         0  (        0 /        0 )  0.00
          rem_bi         0  (        0 /        0 )  0.00
         offload         0  (        0 /        0 )  0.00
          rem_bi         0  (        0 /        0 )  0.00
         offload         0  (        0 /        0 )  0.00
       merge_bit         0  (        0 /        0 )  0.00
     merge_idrvr         0  (        0 /        0 )  0.00
     merge_iload         0  (        0 /        0 )  0.00
    merge_idload         0  (        0 /        0 )  0.00
      merge_drvr         0  (        0 /        0 )  0.00
      merge_load         0  (        0 /        0 )  0.00
           phase         0  (        0 /        0 )  0.00
          decomp         0  (        0 /        0 )  0.00
        p_decomp         0  (        0 /        0 )  0.00
        levelize         0  (        0 /        0 )  0.00
        mb_split         0  (        0 /        0 )  0.00
        in_phase         0  (        0 /        0 )  0.00
             dup         0  (        0 /        0 )  0.00
      mux_retime         0  (        0 /        0 )  0.00
         buf2inv         0  (        0 /        0 )  0.00
             exp         0  (        0 /        0 )  0.00
       gate_deco         0  (        0 /        0 )  0.00
       gcomp_tim         0  (        0 /        0 )  0.00
  inv_pair_2_buf         0  (        0 /        0 )  0.00
 init_drc                  86393        0         0         0        0      582

           Trick     Calls     Accepts   Attempts    Time(secs) 
-----------------------------------------------------------
          plc_st         0  (        0 /        0 )  0.00
        plc_star         0  (        0 /        0 )  0.00
        drc_bufs         0  (        0 /        0 )  0.00
        drc_fopt         0  (        0 /        0 )  0.00
        drc_bufb         0  (        0 /        0 )  0.00
      simple_buf         0  (        0 /        0 )  0.00
             dup         0  (        0 /        0 )  0.00
       crit_dnsz         0  (        0 /        0 )  0.00
       crit_upsz         0  (        0 /        0 )  0.00
       crit_slew         0  (        0 /        0 )  0.00


           Trick     Calls     Accepts   Attempts    Time(secs) 
-----------------------------------------------------------
          plc_st         0  (        0 /        0 )  0.00
        plc_star         0  (        0 /        0 )  0.00
      drc_buf_sp         0  (        0 /        0 )  0.00
        drc_bufs         0  (        0 /        0 )  0.00
        drc_fopt         0  (        0 /        0 )  0.00
        drc_bufb         0  (        0 /        0 )  0.00
      simple_buf         0  (        0 /        0 )  0.00
             dup         0  (        0 /        0 )  0.00
       crit_dnsz         0  (        0 /        0 )  0.00
       crit_upsz         0  (        0 /        0 )  0.00

 incr_max_fo               87769        0         0         0        0        0

           Trick     Calls     Accepts   Attempts    Time(secs) 
-----------------------------------------------------------
          plc_st        53  (        0 /        0 )  0.00
        plc_star        53  (        0 /        0 )  0.00
      drc_buf_sp       130  (       53 /       77 )  0.23
        drc_bufs         0  (        0 /        0 )  0.00
        drc_fopt         0  (        0 /        0 )  0.00
        drc_bufb         0  (        0 /        0 )  0.00
             dup         0  (        0 /        0 )  0.00
       crit_dnsz         0  (        0 /        0 )  0.00
       crit_upsz         0  (        0 /        0 )  0.00

 init_tns                  87769        0         0         0        0        0

           Trick     Calls     Accepts   Attempts    Time(secs) 
-----------------------------------------------------------
            fopt         0  (        0 /        0 )  0.00
    plc_bal_star         0  (        0 /        0 )  0.00
     drc_buftimb         0  (        0 /        0 )  0.00
     drc_buftims         0  (        0 /        0 )  0.00
        crit_msz         0  (        0 /        0 )  0.00
       crit_upsz         0  (        0 /        0 )  0.00
   plc_laf_lo_st         0  (        0 /        0 )  0.00
       plc_lo_st         0  (        0 /        0 )  0.00
       crit_swap         0  (        0 /        0 )  0.00
       mux2_swap         0  (        0 /        0 )  0.00
       crit_dnsz         0  (        0 /        0 )  0.00
       load_swap         0  (        0 /        0 )  0.00
            fopt         0  (        0 /        0 )  0.00
        setup_dn         0  (        0 /        0 )  0.00
       load_isol         0  (        0 /        0 )  0.00
       load_isol         0  (        0 /        0 )  0.00
        move_for         0  (        0 /        0 )  0.00
        move_for         0  (        0 /        0 )  0.00
          rem_bi         0  (        0 /        0 )  0.00
         offload         0  (        0 /        0 )  0.00
          rem_bi         0  (        0 /        0 )  0.00
         offload         0  (        0 /        0 )  0.00
       merge_bit         0  (        0 /        0 )  0.00
     merge_idrvr         0  (        0 /        0 )  0.00
     merge_iload         0  (        0 /        0 )  0.00
    merge_idload         0  (        0 /        0 )  0.00
      merge_drvr         0  (        0 /        0 )  0.00
      merge_load         0  (        0 /        0 )  0.00
           phase         0  (        0 /        0 )  0.00
          decomp         0  (        0 /        0 )  0.00
        p_decomp         0  (        0 /        0 )  0.00
        levelize         0  (        0 /        0 )  0.00
        mb_split         0  (        0 /        0 )  0.00
             dup         0  (        0 /        0 )  0.00
      mux_retime         0  (        0 /        0 )  0.00
       crr_local         0  (        0 /        0 )  0.00
         buf2inv         0  (        0 /        0 )  0.00

 init_area                 87769        0         0         0        0        0
 rem_buf                   86926        0         0         0        0        0
 merge_bi                  86910        0         0         0        0        0
 seq_res_area              86866        0         0         0        0        0
 io_phase                  86866        0         0         0        0        0
 glob_area                 86626        0         0         0        0        0
 area_down                 86499        0         0         0        0        0

           Trick     Calls     Accepts   Attempts    Time(secs) 
-----------------------------------------------------------
           undup         0  (        0 /        0 )  0.01
         rem_buf       165  (      106 /      106 )  0.25
         rem_inv         8  (        0 /        0 )  0.01
        merge_bi        15  (        7 /        7 )  0.05
      rem_inv_qb         0  (        0 /        0 )  0.00
    seq_res_area        57  (        9 /        9 )  5.43
        io_phase         9  (        1 /        1 )  0.02
       gate_comp       272  (        0 /        0 )  0.50
       gcomp_mog        21  (        0 /        0 )  0.07
       glob_area        56  (       20 /       56 )  0.20
       area_down        90  (       20 /       20 )  0.45
      size_n_buf        25  (        0 /        0 )  0.10
  gate_deco_area         0  (        0 /        0 )  0.01
         rem_buf        59  (        0 /        0 )  0.07
         rem_inv         8  (        0 /        0 )  0.01
        merge_bi         8  (        0 /        0 )  0.02
      rem_inv_qb         0  (        0 /        0 )  0.00

 
Incremental optimization status
===============================
                                   Group   
                                  Tot Wrst     Total - - - - DRC Totals - - - -
                           Total  Weighted      Neg      Max       Max     Max  
Operation                   Area   Slacks      Slack    Trans      Cap   Fanout 
 init_delay                86499        0         0         0        0        0

           Trick     Calls     Accepts   Attempts    Time(secs) 
-----------------------------------------------------------
         crr_220         0  (        0 /        0 )  0.00
        crr_glob         0  (        0 /        0 )  0.00
         crr_200         0  (        0 /        0 )  0.00
        crr_glob         0  (        0 /        0 )  0.00
         crr_300         0  (        0 /        0 )  0.00
        crr_glob         0  (        0 /        0 )  0.00
         crr_400         0  (        0 /        0 )  0.00
        crr_glob         0  (        0 /        0 )  0.00
         crr_111         0  (        0 /        0 )  0.00
        crr_glob         0  (        0 /        0 )  0.00
         crr_210         0  (        0 /        0 )  0.00
        crr_glob         0  (        0 /        0 )  0.00
         crr_110         0  (        0 /        0 )  0.00
        crr_glob         0  (        0 /        0 )  0.00
         crr_101         0  (        0 /        0 )  0.00
        crr_glob         0  (        0 /        0 )  0.00
         crr_201         0  (        0 /        0 )  0.00
        crr_glob         0  (        0 /        0 )  0.00
         crr_211         0  (        0 /        0 )  0.00
        crr_glob         0  (        0 /        0 )  0.00
        crit_msz         0  (        0 /        0 )  0.00
       crit_upsz         0  (        0 /        0 )  0.00
       crit_slew         0  (        0 /        0 )  0.00
        setup_dn         0  (        0 /        0 )  0.00
    plc_bal_star         0  (        0 /        0 )  0.00
     drc_buftimb         0  (        0 /        0 )  0.00
          plc_st         0  (        0 /        0 )  0.00
    plc_st_fence         0  (        0 /        0 )  0.00
        plc_star         0  (        0 /        0 )  0.00
      plc_laf_st         0  (        0 /        0 )  0.00
 plc_laf_st_fence         0  (        0 /        0 )  0.00
     drc_buftims         0  (        0 /        0 )  0.00
       plc_lo_st         0  (        0 /        0 )  0.00
            fopt         0  (        0 /        0 )  0.00
       crit_swap         0  (        0 /        0 )  0.00
       mux2_swap         0  (        0 /        0 )  0.00
       crit_dnsz         0  (        0 /        0 )  0.00
       load_swap         0  (        0 /        0 )  0.00
            fopt         0  (        0 /        0 )  0.00
        setup_dn         0  (        0 /        0 )  0.00
       load_isol         0  (        0 /        0 )  0.00
       load_isol         0  (        0 /        0 )  0.00
        move_for         0  (        0 /        0 )  0.00
        move_for         0  (        0 /        0 )  0.00
          rem_bi         0  (        0 /        0 )  0.00
         offload         0  (        0 /        0 )  0.00
          rem_bi         0  (        0 /        0 )  0.00
         offload         0  (        0 /        0 )  0.00
       merge_bit         0  (        0 /        0 )  0.00
     merge_idrvr         0  (        0 /        0 )  0.00
     merge_iload         0  (        0 /        0 )  0.00
    merge_idload         0  (        0 /        0 )  0.00
      merge_drvr         0  (        0 /        0 )  0.00
      merge_load         0  (        0 /        0 )  0.00
           phase         0  (        0 /        0 )  0.00
          decomp         0  (        0 /        0 )  0.00
        p_decomp         0  (        0 /        0 )  0.00
        levelize         0  (        0 /        0 )  0.00
        mb_split         0  (        0 /        0 )  0.00
        in_phase         0  (        0 /        0 )  0.00
             dup         0  (        0 /        0 )  0.00
      mux_retime         0  (        0 /        0 )  0.00
         buf2inv         0  (        0 /        0 )  0.00
             exp         0  (        0 /        0 )  0.00
       gate_deco         0  (        0 /        0 )  0.00
       gcomp_tim         0  (        0 /        0 )  0.00
  inv_pair_2_buf         0  (        0 /        0 )  0.00
 init_drc                  86499        0         0         0        0        0

           Trick     Calls     Accepts   Attempts    Time(secs) 
-----------------------------------------------------------
          plc_st         0  (        0 /        0 )  0.00
        plc_star         0  (        0 /        0 )  0.00
        drc_bufs         0  (        0 /        0 )  0.00
        drc_fopt         0  (        0 /        0 )  0.00
        drc_bufb         0  (        0 /        0 )  0.00
      simple_buf         0  (        0 /        0 )  0.00
             dup         0  (        0 /        0 )  0.00
       crit_dnsz         0  (        0 /        0 )  0.00
       crit_upsz         0  (        0 /        0 )  0.00
       crit_slew         0  (        0 /        0 )  0.00


           Trick     Calls     Accepts   Attempts    Time(secs) 
-----------------------------------------------------------
          plc_st         0  (        0 /        0 )  0.00
        plc_star         0  (        0 /        0 )  0.00
        drc_bufs         0  (        0 /        0 )  0.00
        drc_fopt         0  (        0 /        0 )  0.00
        drc_bufb         0  (        0 /        0 )  0.00
      simple_buf         0  (        0 /        0 )  0.00
             dup         0  (        0 /        0 )  0.00
       crit_dnsz         0  (        0 /        0 )  0.00
       crit_upsz         0  (        0 /        0 )  0.00


           Trick     Calls     Accepts   Attempts    Time(secs) 
-----------------------------------------------------------
          plc_st         0  (        0 /        0 )  0.00
        plc_star         0  (        0 /        0 )  0.00
        drc_bufs         0  (        0 /        0 )  0.00
        drc_fopt         0  (        0 /        0 )  0.00
        drc_bufb         0  (        0 /        0 )  0.00
             dup         0  (        0 /        0 )  0.00
       crit_dnsz         0  (        0 /        0 )  0.00
       crit_upsz         0  (        0 /        0 )  0.00

 init_tns                  86499        0         0         0        0        0

           Trick     Calls     Accepts   Attempts    Time(secs) 
-----------------------------------------------------------
            fopt         0  (        0 /        0 )  0.00
    plc_bal_star         0  (        0 /        0 )  0.00
     drc_buftimb         0  (        0 /        0 )  0.00
     drc_buftims         0  (        0 /        0 )  0.00
        crit_msz         0  (        0 /        0 )  0.00
       crit_upsz         0  (        0 /        0 )  0.00
   plc_laf_lo_st         0  (        0 /        0 )  0.00
       plc_lo_st         0  (        0 /        0 )  0.00
       crit_swap         0  (        0 /        0 )  0.00
       mux2_swap         0  (        0 /        0 )  0.00
       crit_dnsz         0  (        0 /        0 )  0.00
       load_swap         0  (        0 /        0 )  0.00
            fopt         0  (        0 /        0 )  0.00
        setup_dn         0  (        0 /        0 )  0.00
       load_isol         0  (        0 /        0 )  0.00
       load_isol         0  (        0 /        0 )  0.00
        move_for         0  (        0 /        0 )  0.00
        move_for         0  (        0 /        0 )  0.00
          rem_bi         0  (        0 /        0 )  0.00
         offload         0  (        0 /        0 )  0.00
          rem_bi         0  (        0 /        0 )  0.00
         offload         0  (        0 /        0 )  0.00
       merge_bit         0  (        0 /        0 )  0.00
     merge_idrvr         0  (        0 /        0 )  0.00
     merge_iload         0  (        0 /        0 )  0.00
    merge_idload         0  (        0 /        0 )  0.00
      merge_drvr         0  (        0 /        0 )  0.00
      merge_load         0  (        0 /        0 )  0.00
           phase         0  (        0 /        0 )  0.00
          decomp         0  (        0 /        0 )  0.00
        p_decomp         0  (        0 /        0 )  0.00
        levelize         0  (        0 /        0 )  0.00
        mb_split         0  (        0 /        0 )  0.00
             dup         0  (        0 /        0 )  0.00
      mux_retime         0  (        0 /        0 )  0.00
       crr_local         0  (        0 /        0 )  0.00
         buf2inv         0  (        0 /        0 )  0.00

 init_area                 86499        0         0         0        0        0
 glob_area                 86492        0         0         0        0        0

           Trick     Calls     Accepts   Attempts    Time(secs) 
-----------------------------------------------------------
           undup         0  (        0 /        0 )  0.01
         rem_buf        59  (        0 /        0 )  0.07
         rem_inv         8  (        0 /        0 )  0.01
        merge_bi         8  (        0 /        0 )  0.02
      rem_inv_qb         0  (        0 /        0 )  0.00
        io_phase         8  (        0 /        0 )  0.01
       gate_comp       272  (        0 /        0 )  0.52
       gcomp_mog        21  (        0 /        0 )  0.06
       glob_area        47  (        2 /       47 )  0.19
       area_down        75  (        0 /        0 )  0.30
      size_n_buf         0  (        0 /        0 )  0.02
  gate_deco_area         0  (        0 /        0 )  0.00

 
Incremental optimization status
===============================
                                   Group   
                                  Tot Wrst     Total - - - - DRC Totals - - - -
                           Total  Weighted      Neg      Max       Max     Max  
Operation                   Area   Slacks      Slack    Trans      Cap   Fanout 
 init_delay                86492        0         0         0        0        0

           Trick     Calls     Accepts   Attempts    Time(secs) 
-----------------------------------------------------------
        crit_msz         0  (        0 /        0 )  0.00
       crit_upsz         0  (        0 /        0 )  0.00
       crit_slew         0  (        0 /        0 )  0.00
        setup_dn         0  (        0 /        0 )  0.00
    plc_bal_star         0  (        0 /        0 )  0.00
     drc_buftimb         0  (        0 /        0 )  0.00
          plc_st         0  (        0 /        0 )  0.00
    plc_st_fence         0  (        0 /        0 )  0.00
        plc_star         0  (        0 /        0 )  0.00
      plc_laf_st         0  (        0 /        0 )  0.00
 plc_laf_st_fence         0  (        0 /        0 )  0.00
     drc_buftims         0  (        0 /        0 )  0.00
   plc_laf_lo_st         0  (        0 /        0 )  0.00
       plc_lo_st         0  (        0 /        0 )  0.00
            fopt         0  (        0 /        0 )  0.00
       crit_swap         0  (        0 /        0 )  0.00
       mux2_swap         0  (        0 /        0 )  0.00
       crit_dnsz         0  (        0 /        0 )  0.00
       load_swap         0  (        0 /        0 )  0.00
            fopt         0  (        0 /        0 )  0.00
        setup_dn         0  (        0 /        0 )  0.00
       load_isol         0  (        0 /        0 )  0.00
       load_isol         0  (        0 /        0 )  0.00
        move_for         0  (        0 /        0 )  0.00
        move_for         0  (        0 /        0 )  0.00
          rem_bi         0  (        0 /        0 )  0.00
         offload         0  (        0 /        0 )  0.00
          rem_bi         0  (        0 /        0 )  0.00
         offload         0  (        0 /        0 )  0.00
           phase         0  (        0 /        0 )  0.00
        in_phase         0  (        0 /        0 )  0.00
       merge_bit         0  (        0 /        0 )  0.00
     merge_idrvr         0  (        0 /        0 )  0.00
     merge_iload         0  (        0 /        0 )  0.00
    merge_idload         0  (        0 /        0 )  0.00
      merge_drvr         0  (        0 /        0 )  0.00
      merge_load         0  (        0 /        0 )  0.00
          decomp         0  (        0 /        0 )  0.00
        p_decomp         0  (        0 /        0 )  0.00
        levelize         0  (        0 /        0 )  0.00
        mb_split         0  (        0 /        0 )  0.00
             dup         0  (        0 /        0 )  0.00
      mux_retime         0  (        0 /        0 )  0.00
         buf2inv         0  (        0 /        0 )  0.00
             exp         0  (        0 /        0 )  0.00
       gate_deco         0  (        0 /        0 )  0.00
       gcomp_tim         0  (        0 /        0 )  0.00
  inv_pair_2_buf         0  (        0 /        0 )  0.00

 init_drc                  86492        0         0         0        0        0

           Trick     Calls     Accepts   Attempts    Time(secs) 
-----------------------------------------------------------
          plc_st         0  (        0 /        0 )  0.00
        plc_star         0  (        0 /        0 )  0.00
        drc_bufs         0  (        0 /        0 )  0.00
        drc_fopt         0  (        0 /        0 )  0.00
        drc_bufb         0  (        0 /        0 )  0.00
      simple_buf         0  (        0 /        0 )  0.00
             dup         0  (        0 /        0 )  0.00
       crit_dnsz         0  (        0 /        0 )  0.00
       crit_upsz         0  (        0 /        0 )  0.00
       crit_slew         0  (        0 /        0 )  0.00


           Trick     Calls     Accepts   Attempts    Time(secs) 
-----------------------------------------------------------
          plc_st         0  (        0 /        0 )  0.00
        plc_star         0  (        0 /        0 )  0.00
        drc_bufs         0  (        0 /        0 )  0.00
        drc_fopt         0  (        0 /        0 )  0.00
        drc_bufb         0  (        0 /        0 )  0.00
      simple_buf         0  (        0 /        0 )  0.00
             dup         0  (        0 /        0 )  0.00
       crit_dnsz         0  (        0 /        0 )  0.00
       crit_upsz         0  (        0 /        0 )  0.00


           Trick     Calls     Accepts   Attempts    Time(secs) 
-----------------------------------------------------------
          plc_st         0  (        0 /        0 )  0.00
        plc_star         0  (        0 /        0 )  0.00
        drc_bufs         0  (        0 /        0 )  0.00
        drc_fopt         0  (        0 /        0 )  0.00
        drc_bufb         0  (        0 /        0 )  0.00
             dup         0  (        0 /        0 )  0.00
       crit_dnsz         0  (        0 /        0 )  0.00
       crit_upsz         0  (        0 /        0 )  0.00

==================================
Stage : incr_opt 
==================================
  =================
   Message Summary
  =================
--------------------------------------------------------------------------------
|    Id    |  Sev   |Count |                   Message Text                    |
--------------------------------------------------------------------------------
| CFM-1    |Info    |    1 |Wrote dofile.                                      |
| CFM-5    |Info    |    1 |Wrote formal verification information.             |
| CPI-506  |Warning |    1 |Command 'commit_power_intent' cannot proceed as    |
|          |        |      | there is no power intent loaded.                  |
| LBR-155  |Info    | 1488 |Mismatch in unateness between 'timing_sense'       |
|          |        |      | attribute and the function.                       |
|          |        |      |The 'timing_sense' attribute will be respected.    |
| LBR-170  |Info    |   64 |Ignoring specified timing sense.                   |
|          |        |      |Timing sense should never be set with              |
|          |        |      | 'rising_edge' or 'falling_edge' timing type.      |
| PA-7     |Info    |    8 |Resetting power analysis results.                  |
|          |        |      |All computed switching activities are removed.     |
| PHYS-752 |Info    |    1 |Partition Based Synthesis execution skipped.       |
| SYNTH-2  |Info    |    1 |Done synthesizing.                                 |
| SYNTH-4  |Info    |    1 |Mapping.                                           |
| SYNTH-5  |Info    |    1 |Done mapping.                                      |
| SYNTH-7  |Info    |    1 |Incrementally optimizing.                          |
| TUI-58   |Info    |    3 |Removed object.                                    |
--------------------------------------------------------------------------------
Info    : Done incrementally optimizing. [SYNTH-8]
        : Done incrementally optimizing 'mac_system_top'.
      flow.cputime  flow.realtime  timing.setup.tns  timing.setup.wns  snapshot
UM:*                                                                   syn_opt
